begin
--ВЦеўЦРМлЯюФПШЗЖЈ
delete from bus_t_pageconsole t where t.url in('/pmkpi/evaluation/financial/proconfirm');
insert into bus_t_pageconsole (URL, TEMPLATE, PAGE, JSLIB, CSSLIB, OBJLIB, APPID, CONSOLESERVICE, METHOD, CONFIG, SUPCONSOLE, REGION, ISEXPAND)
values ('/pmkpi/evaluation/financial/proconfirm', 'template8', '/pmkpi/common/template/template_defautl.jsp', '/pmkpi/common/template/template_default.js', null, null, 'pmkpi', 'gov.mof.fasp2.pmkpi.evaluation.financial.proconfirm.ProConfirmPage', 'list', '{header:[header],left:lefttree,main:[toolbutton,queryform,tabpage,datatable]}', null, null, 1);

delete from bus_t_pagecomponent t where t.id in('pmkpi_finproconfirm');
insert into bus_t_pagecomponent (ID, NAME, TYPE, REMARK, JSLIB, JSOBJECTNAME, APPID, SERVICE)
values ('pmkpi_finproconfirm', 'ВЦеўЦРМлЯюФПШЗШЯ', null, 'ВЦеўЦРМлЯюФПШЗШЯ', '/pmkpi/evaluation/financial/proconfirm/proconfirm.js', 'Ext.lt.pmkpi.financialevaluation.proconfire', 'pmkpi', 'pmkpi.financial.proconfirm.ProConfirmService');

delete from bus_t_pageconsolecomconfig t where t.url in('/pmkpi/evaluation/financial/proconfirm');
insert into bus_t_pageconsolecomconfig (URL, COMPONENTID, CONFIG, ID, APPID, REGION)
values ('/pmkpi/evaluation/financial/proconfirm', 'pmkpi_finproconfirm', '{}', 'finproconfirm', 'pmkpi', null);

insert into bus_t_pageconsolecomconfig (URL, COMPONENTID, CONFIG, ID, APPID, REGION)
values ('/pmkpi/evaluation/financial/proconfirm', 'busdclefttree', '{}', 'lefttree', 'pmkpi', null);

insert into bus_t_pageconsolecomconfig (URL, COMPONENTID, CONFIG, ID, APPID, REGION)
values ('/pmkpi/evaluation/financial/proconfirm', 'busqueryform', '{key:''/pmkpi/evaluation/financial/program'',name:''ВщбЏЧј'',datatable:''datatable'',fastquery:true,drawmode:''div'',label:''ПьЫйВщбЏ'',labelwidth:''120''}', 'queryform', 'pmkpi', null);

insert into bus_t_pageconsolecomconfig (URL, COMPONENTID, CONFIG, ID, APPID, REGION)
values ('/pmkpi/evaluation/financial/proconfirm', 'bustoolbutton', '{}', 'toolbutton', 'pmkpi', null);

insert into bus_t_pageconsolecomconfig (URL, COMPONENTID, CONFIG, ID, APPID, REGION)
values ('/pmkpi/evaluation/financial/proconfirm', 'header', '{}', 'header', 'pmkpi', null);

insert into bus_t_pageconsolecomconfig (URL, COMPONENTID, CONFIG, ID, APPID, REGION)
values ('/pmkpi/evaluation/financial/proconfirm', 'busuidatatable', '{key:''/pmkpi/evaluation/financial/program'',name:''ВЦеўжиЕуЦРМлЖдЯѓ'',checkbox:true,title:''ВЦеўжиЕуЦРМлЖдЯѓ'',edit:true,addrow:false}', 'datatable', 'pmkpi', null);

insert into bus_t_pageconsolecomconfig (URL, COMPONENTID, CONFIG, ID, APPID, REGION)
values ('/pmkpi/evaluation/financial/proconfirm', 'bustabpage', '{}', 'tabpage', 'pmkpi', null);

--бЁдёЯюФП
--ЯюФП
delete from bus_t_pageconsole t where t.url in('/pmkpi/evaluation/financial/procheck');
insert into bus_t_pageconsole (URL, TEMPLATE, PAGE, JSLIB, CSSLIB, OBJLIB, APPID, CONSOLESERVICE, METHOD, CONFIG, SUPCONSOLE, REGION, ISEXPAND)
values ('/pmkpi/evaluation/financial/procheck', 'template8', '/pmkpi/common/template/template_defautl.jsp', '/pmkpi/common/template/template_default.js', null, null, 'pmkpi', 'gov.mof.fasp2.pmkpi.evaluation.financial.proconfirm.ProConfirmPage', 'check', '{main:[queryform,datatable],footer:[toolbutton]}', null, null, 0);

delete from bus_t_pagecomponent t where t.id in('pmkpi_financialprocheck');
insert into bus_t_pagecomponent (ID, NAME, TYPE, REMARK, JSLIB, JSOBJECTNAME, APPID, SERVICE)
values ('pmkpi_financialprocheck', 'ВЦеўЦРМлбЁдёЯюФП', null, 'ВЦеўЦРМлбЁдёЯюФП', '/pmkpi/evaluation/financial/proconfirm/proconfirmchck.js', 'Ext.lt.pmkpi.financialevaluation.checkservice', 'pmkpi', 'pmkpi.financial.proconfirm.ProConfirmCheckService');

delete from bus_t_pageconsolecomconfig t where t.url in('/pmkpi/evaluation/financial/procheck');
insert into bus_t_pageconsolecomconfig (URL, COMPONENTID, CONFIG, ID, APPID, REGION)
values ('/pmkpi/evaluation/financial/procheck', 'pmkpi_financialprocheck', '{}', 'financialprocheck', 'pmkpi', null);

insert into bus_t_pageconsolecomconfig (URL, COMPONENTID, CONFIG, ID, APPID, REGION)
values ('/pmkpi/evaluation/financial/procheck', 'busuidatatable', '{key:''/pmkpi/program/report/list'',name:''ЯюФП'',checkbox:true,title:''ЯюФП'',edit:false,addrow:false}', 'datatable', 'pmkpi', null);

insert into bus_t_pageconsolecomconfig (URL, COMPONENTID, CONFIG, ID, APPID, REGION)
values ('/pmkpi/evaluation/financial/procheck', 'bustoolbutton', '{key:''/pmkpi/evaluation/financial/check''}', 'toolbutton', 'pmkpi', null);

insert into bus_t_pageconsolecomconfig (URL, COMPONENTID, CONFIG, ID, APPID, REGION)
values ('/pmkpi/evaluation/financial/procheck', 'busqueryform', '{key:''/pmkpi/program/report/list'',name:''ВщбЏЧј'',datatable:''datatable'',fastquery:true,drawmode:''div'',label:''ПьЫйВщбЏ'',labelwidth:''120''}', 'queryform', 'pmkpi', null);

--ВПУХ
delete from bus_t_pageconsole t where t.url in('/pmkpi/evaluation/financial/deptcheck');
insert into bus_t_pageconsole (URL, TEMPLATE, PAGE, JSLIB, CSSLIB, OBJLIB, APPID, CONSOLESERVICE, METHOD, CONFIG, SUPCONSOLE, REGION, ISEXPAND)
values ('/pmkpi/evaluation/financial/deptcheck', 'template8', '/pmkpi/common/template/template_defautl.jsp', '/pmkpi/common/template/template_default.js', null, null, 'pmkpi', 'gov.mof.fasp2.pmkpi.evaluation.financial.proconfirm.ProConfirmPage', 'check', '{main:[queryform,datatable],footer:[toolbutton]}', null, null, 0);

delete from bus_t_pageconsolecomconfig t where t.url in('/pmkpi/evaluation/financial/deptcheck');
insert into bus_t_pageconsolecomconfig (URL, COMPONENTID, CONFIG, ID, APPID, REGION)
values ('/pmkpi/evaluation/financial/deptcheck', 'pmkpi_financialprocheck', '{}', 'financialprocheck', 'pmkpi', null);

insert into bus_t_pageconsolecomconfig (URL, COMPONENTID, CONFIG, ID, APPID, REGION)
values ('/pmkpi/evaluation/financial/deptcheck', 'busuidatatable', '{name:''ВПУХ'',checkbox:true,title:''ВПУХ'',edit:false,addrow:false}', 'datatable', 'pmkpi', null);

insert into bus_t_pageconsolecomconfig (URL, COMPONENTID, CONFIG, ID, APPID, REGION)
values ('/pmkpi/evaluation/financial/deptcheck', 'bustoolbutton', '{key:''/pmkpi/evaluation/financial/check''}', 'toolbutton', 'pmkpi', null);

insert into bus_t_pageconsolecomconfig (URL, COMPONENTID, CONFIG, ID, APPID, REGION)
values ('/pmkpi/evaluation/financial/deptcheck', 'busqueryform', '{name:''ВщбЏЧј'',datatable:''datatable'',fastquery:true,drawmode:''div'',label:''ПьЫйВщбЏ'',labelwidth:''120''}', 'queryform', 'pmkpi', null);

--ЯюФПБрМ­
delete from bus_t_pageconsole t where t.url in('/pmkpi/evaluation/finconfirm/proedit');
insert into bus_t_pageconsole (URL, TEMPLATE, PAGE, JSLIB, CSSLIB, OBJLIB, APPID, CONSOLESERVICE, METHOD, CONFIG, SUPCONSOLE, REGION, ISEXPAND)
values ('/pmkpi/evaluation/finconfirm/proedit', 'template8', '/pmkpi/common/template/template_defautl.jsp', '/pmkpi/common/template/template_default.js', null, null, 'pmkpi', 'gov.mof.fasp2.pmkpi.tabfream.TabfreamPage', 'editindex', '{main:[tabpage,infoeditform],footer:[toolbutton]}', null, null, 0);

delete from bus_t_pageconsolecomconfig t where t.url in('/pmkpi/evaluation/finconfirm/proedit');
insert into bus_t_pageconsolecomconfig (URL, COMPONENTID, CONFIG, ID, APPID, REGION)
values ('/pmkpi/evaluation/finconfirm/proedit', 'pmkpi_tabfreamedit', '{}', 'tabfreamedit', 'pmkpi', null);

insert into bus_t_pageconsolecomconfig (URL, COMPONENTID, CONFIG, ID, APPID, REGION)
values ('/pmkpi/evaluation/finconfirm/proedit', 'bustabpage', '{}', 'tabpage', 'pmkpi', null);

insert into bus_t_pageconsolecomconfig (URL, COMPONENTID, CONFIG, ID, APPID, REGION)
values ('/pmkpi/evaluation/finconfirm/proedit', 'bustoolbutton', '{}', 'toolbutton', 'pmkpi', null);

insert into bus_t_pageconsolecomconfig (URL, COMPONENTID, CONFIG, ID, APPID, REGION)
values ('/pmkpi/evaluation/finconfirm/proedit', 'buseditform', '{key:''/pmkpi/evaluation/finconfirm/edit'',columnsize:2,iswf:''true'',tablecode:''v_perf_t_finevaluation''}', 'infoeditform', 'pmkpi', null);

--ВПУХБрМ­
delete from bus_t_pageconsole t where t.url in('/pmkpi/evaluation/finconfirm/deptedit');
insert into bus_t_pageconsole (URL, TEMPLATE, PAGE, JSLIB, CSSLIB, OBJLIB, APPID, CONSOLESERVICE, METHOD, CONFIG, SUPCONSOLE, REGION, ISEXPAND)
values ('/pmkpi/evaluation/finconfirm/deptedit', 'template8', '/pmkpi/common/template/template_defautl.jsp', '/pmkpi/common/template/template_default.js', null, null, 'pmkpi', 'gov.mof.fasp2.pmkpi.tabfream.TabfreamPage', 'editindex', '{main:[tabpage,infoeditform],footer:[toolbutton]}', null, null, 0);

delete from bus_t_pageconsolecomconfig t where t.url in('/pmkpi/evaluation/finconfirm/deptedit');
insert into bus_t_pageconsolecomconfig (URL, COMPONENTID, CONFIG, ID, APPID, REGION)
values ('/pmkpi/evaluation/finconfirm/deptedit', 'pmkpi_tabfreamedit', '{}', 'tabfreamedit', 'pmkpi', null);

insert into bus_t_pageconsolecomconfig (URL, COMPONENTID, CONFIG, ID, APPID, REGION)
values ('/pmkpi/evaluation/finconfirm/deptedit', 'bustabpage', '{}', 'tabpage', 'pmkpi', null);

insert into bus_t_pageconsolecomconfig (URL, COMPONENTID, CONFIG, ID, APPID, REGION)
values ('/pmkpi/evaluation/finconfirm/deptedit', 'bustoolbutton', '{}', 'toolbutton', 'pmkpi', null);

insert into bus_t_pageconsolecomconfig (URL, COMPONENTID, CONFIG, ID, APPID, REGION)
values ('/pmkpi/evaluation/finconfirm/deptedit', 'buseditform', '{key:''/pmkpi/evaluation/finconfirm/deptedit'',iswf:''true'',tablecode:''v_perf_t_finevaluation''}', 'infoeditform', 'pmkpi', null);


--ВЦеўЦРМлЯюФПЩѓКЫ
delete from bus_t_pageconsole t where t.url in('/pmkpi/evaluation/financial/audit');
insert into bus_t_pageconsole (URL, TEMPLATE, PAGE, JSLIB, CSSLIB, OBJLIB, APPID, CONSOLESERVICE, METHOD, CONFIG, SUPCONSOLE, REGION, ISEXPAND)
values ('/pmkpi/evaluation/financial/audit', 'template8', '/pmkpi/common/template/template_defautl.jsp', '/pmkpi/common/template/template_default.js', null, null, 'pmkpi', 'gov.mof.fasp2.pmkpi.evaluation.financial.audit.FinancialAuditPage', 'list', '{header:[header],left:lefttree,main:[toolbutton,queryform,tabpage,datatable]}', null, null, 0);

delete from bus_t_pagecomponent t where t.id in('pmkpi_finevalaudit');
insert into bus_t_pagecomponent (ID, NAME, TYPE, REMARK, JSLIB, JSOBJECTNAME, APPID, SERVICE)
values ('pmkpi_finevalaudit', 'ВЦеўЦРМлЩѓКЫ', null, 'ВЦеўЦРМлЩѓКЫ', '/pmkpi/evaluation/financial/audit/finaudit.js', 'Ext.lt.pmkpi.financialevaluation.audit', 'pmkpi', 'pmkpi.evaluation.financial.audit.FinancialAuditService');

delete from bus_t_pageconsolecomconfig t where t.url in('/pmkpi/evaluation/financial/audit');
insert into bus_t_pageconsolecomconfig (URL, COMPONENTID, CONFIG, ID, APPID, REGION)
values ('/pmkpi/evaluation/financial/audit', 'pmkpi_finevalaudit', '{}', 'finevalaudit', 'pmkpi', null);

insert into bus_t_pageconsolecomconfig (URL, COMPONENTID, CONFIG, ID, APPID, REGION)
values ('/pmkpi/evaluation/financial/audit', 'busdclefttree', '{}', 'lefttree', 'pmkpi', null);

insert into bus_t_pageconsolecomconfig (URL, COMPONENTID, CONFIG, ID, APPID, REGION)
values ('/pmkpi/evaluation/financial/audit', 'busqueryform', '{key:''/pmkpi/evaluation/financial/program'',name:''ВщбЏЧј'',datatable:''datatable'',fastquery:true,drawmode:''div'',label:''ПьЫйВщбЏ'',labelwidth:''120''}', 'queryform', 'pmkpi', null);

insert into bus_t_pageconsolecomconfig (URL, COMPONENTID, CONFIG, ID, APPID, REGION)
values ('/pmkpi/evaluation/financial/audit', 'bustoolbutton', '{}', 'toolbutton', 'pmkpi', null);

insert into bus_t_pageconsolecomconfig (URL, COMPONENTID, CONFIG, ID, APPID, REGION)
values ('/pmkpi/evaluation/financial/audit', 'header', '{}', 'header', 'pmkpi', null);

insert into bus_t_pageconsolecomconfig (URL, COMPONENTID, CONFIG, ID, APPID, REGION)
values ('/pmkpi/evaluation/financial/audit', 'busuidatatable', '{key:''/pmkpi/evaluation/financial/program/audit'',name:''ВЦеўжиЕуЦРМлЖдЯѓ'',checkbox:true,title:''ВЦеўжиЕуЦРМлЖдЯѓ'',edit:true,addrow:false}', 'datatable', 'pmkpi', null);

insert into bus_t_pageconsolecomconfig (URL, COMPONENTID, CONFIG, ID, APPID, REGION)
values ('/pmkpi/evaluation/financial/audit', 'bustabpage', '{}', 'tabpage', 'pmkpi', null);

--ЩѓКЫвтМћ
delete from bus_t_pageconsole t where t.url in('/pmkpi/evaluation/financial/auditedit');
insert into bus_t_pageconsole (URL, TEMPLATE, PAGE, JSLIB, CSSLIB, OBJLIB, APPID, CONSOLESERVICE, METHOD, CONFIG, SUPCONSOLE, REGION, ISEXPAND)
values ('/pmkpi/evaluation/financial/auditedit', 'template8', '/pmkpi/common/template/template_defautl.jsp', '/pmkpi/common/template/template_default.js', null, null, 'pmkpi', 'gov.mof.fasp2.pmkpi.evaluation.financial.audit.FinancialAuditPage', 'audit', '{main:[editform],footer:[toolbutton]}', null, null, 0);

delete from bus_t_pagecomponent t where t.id in('pmkpi_finauditedit');
insert into bus_t_pagecomponent (ID, NAME, TYPE, REMARK, JSLIB, JSOBJECTNAME, APPID, SERVICE)
values ('pmkpi_finauditedit', 'ВЦеўЦРМлЩѓКЫБрМ­', null, 'ВЦеўЦРМлЩѓКЫБрМ­', '/pmkpi/evaluation/financial/audit/auditopinion.js', 'Ext.lt.pmkpi.financialevaluation.auditservice', 'pmkpi', 'pmkpi.evaluation.financial.audit.FinancialAuditEditService');

delete from bus_t_pageconsolecomconfig t where t.url in('/pmkpi/evaluation/financial/auditedit');
insert into bus_t_pageconsolecomconfig (URL, COMPONENTID, CONFIG, ID, APPID, REGION)
values ('/pmkpi/evaluation/financial/auditedit', 'pmkpi_finauditedit', '{}', 'finauditedit', 'pmkpi', null);

insert into bus_t_pageconsolecomconfig (URL, COMPONENTID, CONFIG, ID, APPID, REGION)
values ('/pmkpi/evaluation/financial/auditedit', 'bustoolbutton', '{}', 'toolbutton', 'pmkpi', null);

insert into bus_t_pageconsolecomconfig (URL, COMPONENTID, CONFIG, ID, APPID, REGION)
values ('/pmkpi/evaluation/financial/auditedit', 'buseditform', '{name:''БрМ­Чј'',edit:true,columnsize:2}', 'editform', 'pmkpi', null);


--ВЦеўЦРМлГЩЙћЩЯДЋ
delete from bus_t_pageconsole t where t.url in('/pmkpi/evaluation/financial/resultupload');
insert into bus_t_pageconsole (URL, TEMPLATE, PAGE, JSLIB, CSSLIB, OBJLIB, APPID, CONSOLESERVICE, METHOD, CONFIG, SUPCONSOLE, REGION, ISEXPAND)
values ('/pmkpi/evaluation/financial/resultupload', 'template8', '/pmkpi/common/template/template_defautl.jsp', '/pmkpi/common/template/template_default.js', null, null, 'pmkpi', 'gov.mof.fasp2.pmkpi.evaluation.financial.result.ResultPage', 'list', '{header:[header],left:lefttree,main:[toolbutton,queryform,tabpage,datatable]}', null, null, 1);

delete from bus_t_pagecomponent t where t.id in('pmkpi_finevaluationresult');
insert into bus_t_pagecomponent (ID, NAME, TYPE, REMARK, JSLIB, JSOBJECTNAME, APPID, SERVICE)
values ('pmkpi_finevaluationresult', 'ВЦеўЦРМлГЩЙћ', null, 'ВЦеўЦРМлГЩЙћ', '/pmkpi/evaluation/financial/result/resultservice.js', 'Ext.lt.pmkpi.financialevaluation.resultservice', 'pmkpi', 'pmkpi.evaluation.financial.ResultService');

delete from bus_t_pageconsolecomconfig t where t.url in('/pmkpi/evaluation/financial/resultupload');
insert into bus_t_pageconsolecomconfig (URL, COMPONENTID, CONFIG, ID, APPID, REGION)
values ('/pmkpi/evaluation/financial/resultupload', 'pmkpi_finevaluationresult', '{}', 'finevaluationresult', 'pmkpi', null);

insert into bus_t_pageconsolecomconfig (URL, COMPONENTID, CONFIG, ID, APPID, REGION)
values ('/pmkpi/evaluation/financial/resultupload', 'busdclefttree', '{}', 'lefttree', 'pmkpi', null);

insert into bus_t_pageconsolecomconfig (URL, COMPONENTID, CONFIG, ID, APPID, REGION)
values ('/pmkpi/evaluation/financial/resultupload', 'busqueryform', '{key:''/pmkpi/evaluation/financial/program'',name:''ВщбЏЧј'',datatable:''datatable'',fastquery:true,drawmode:''div'',label:''ПьЫйВщбЏ'',labelwidth:''120''}', 'queryform', 'pmkpi', null);

insert into bus_t_pageconsolecomconfig (URL, COMPONENTID, CONFIG, ID, APPID, REGION)
values ('/pmkpi/evaluation/financial/resultupload', 'bustoolbutton', '{}', 'toolbutton', 'pmkpi', null);

insert into bus_t_pageconsolecomconfig (URL, COMPONENTID, CONFIG, ID, APPID, REGION)
values ('/pmkpi/evaluation/financial/resultupload', 'header', '{}', 'header', 'pmkpi', null);

insert into bus_t_pageconsolecomconfig (URL, COMPONENTID, CONFIG, ID, APPID, REGION)
values ('/pmkpi/evaluation/financial/resultupload', 'busuidatatable', '{key:''/pmkpi/evaluation/financial/program'',name:''ВЦеўжиЕуЦРМлЖдЯѓ'',checkbox:true,title:''ВЦеўжиЕуЦРМлЖдЯѓ'',edit:true,addrow:false}', 'datatable', 'pmkpi', null);

insert into bus_t_pageconsolecomconfig (URL, COMPONENTID, CONFIG, ID, APPID, REGION)
values ('/pmkpi/evaluation/financial/resultupload', 'bustabpage', '{}', 'tabpage', 'pmkpi', null);

--ЯюФПЩЯДЋ
delete from bus_t_pageconsole t where t.url in('/pmkpi/evaluation/financial/result/edit');
insert into bus_t_pageconsole (URL, TEMPLATE, PAGE, JSLIB, CSSLIB, OBJLIB, APPID, CONSOLESERVICE, METHOD, CONFIG, SUPCONSOLE, REGION, ISEXPAND)
values ('/pmkpi/evaluation/financial/result/edit', 'template8', '/pmkpi/common/template/template_defautl.jsp', '/pmkpi/common/template/template_default.js', null, null, 'pmkpi', 'gov.mof.fasp2.pmkpi.tabfream.TabfreamPage', 'editindex', '{main:[tabpage,infoeditform,editform],footer:[toolbutton]}', null, null, 0);

delete from bus_t_pageconsolecomconfig t where t.url in('/pmkpi/evaluation/financial/result/edit');
insert into bus_t_pageconsolecomconfig (URL, COMPONENTID, CONFIG, ID, APPID, REGION)
values ('/pmkpi/evaluation/financial/result/edit', 'pmkpi_tabfreamedit', '{}', 'tabfreamedit', 'pmkpi', null);

insert into bus_t_pageconsolecomconfig (URL, COMPONENTID, CONFIG, ID, APPID, REGION)
values ('/pmkpi/evaluation/financial/result/edit', 'bustabpage', '{}', 'tabpage', 'pmkpi', null);

insert into bus_t_pageconsolecomconfig (URL, COMPONENTID, CONFIG, ID, APPID, REGION)
values ('/pmkpi/evaluation/financial/result/edit', 'bustoolbutton', '{}', 'toolbutton', 'pmkpi', null);

insert into bus_t_pageconsolecomconfig (URL, COMPONENTID, CONFIG, ID, APPID, REGION)
values ('/pmkpi/evaluation/financial/result/edit', 'buseditform', '{key:''/pmkpi/evaluation/financial/result/edit'',iswf:''true'',tablecode:''v_perf_t_finevaluation'',title:''ЦРЙРНсЙћ''}', 'editform', 'pmkpi', null);

insert into bus_t_pageconsolecomconfig (URL, COMPONENTID, CONFIG, ID, APPID, REGION)
values ('/pmkpi/evaluation/financial/result/edit', 'buseditform', '{key:''/pmkpi/evaluation/finconfirm/edit'',columnsize:2,iswf:''true'',tablecode:''v_perf_t_finevaluation''}', 'infoeditform', 'pmkpi', null);

--ВПУХЩЯДЋ
delete from bus_t_pageconsole t where t.url in('/pmkpi/evaluation/financial/result/deptedit');
insert into bus_t_pageconsole (URL, TEMPLATE, PAGE, JSLIB, CSSLIB, OBJLIB, APPID, CONSOLESERVICE, METHOD, CONFIG, SUPCONSOLE, REGION, ISEXPAND)
values ('/pmkpi/evaluation/financial/result/deptedit', 'template8', '/pmkpi/common/template/template_defautl.jsp', '/pmkpi/common/template/template_default.js', null, null, 'pmkpi', 'gov.mof.fasp2.pmkpi.tabfream.TabfreamPage', 'editindex', '{main:[tabpage,infoeditform,editform],footer:[toolbutton]}', null, null, 0);

delete from bus_t_pageconsolecomconfig t where t.url in('/pmkpi/evaluation/financial/result/deptedit');
insert into bus_t_pageconsolecomconfig (URL, COMPONENTID, CONFIG, ID, APPID, REGION)
values ('/pmkpi/evaluation/financial/result/deptedit', 'pmkpi_tabfreamedit', '{}', 'tabfreamedit', 'pmkpi', null);

insert into bus_t_pageconsolecomconfig (URL, COMPONENTID, CONFIG, ID, APPID, REGION)
values ('/pmkpi/evaluation/financial/result/deptedit', 'bustabpage', '{}', 'tabpage', 'pmkpi', null);

insert into bus_t_pageconsolecomconfig (URL, COMPONENTID, CONFIG, ID, APPID, REGION)
values ('/pmkpi/evaluation/financial/result/deptedit', 'bustoolbutton', '{}', 'toolbutton', 'pmkpi', null);

insert into bus_t_pageconsolecomconfig (URL, COMPONENTID, CONFIG, ID, APPID, REGION)
values ('/pmkpi/evaluation/financial/result/deptedit', 'buseditform', '{key:''/pmkpi/evaluation/financial/result/edit'',iswf:''true'',tablecode:''v_perf_t_finevaluation'',title:''ЦРЙРНсЙћ''}', 'editform', 'pmkpi', null);

insert into bus_t_pageconsolecomconfig (URL, COMPONENTID, CONFIG, ID, APPID, REGION)
values ('/pmkpi/evaluation/financial/result/deptedit', 'buseditform', '{key:''/pmkpi/evaluation/finconfirm/deptedit'',columnsize:2,iswf:''true'',tablecode:''v_perf_t_finevaluation''}', 'infoeditform', 'pmkpi', null);

--ВЦеўЦРМлГЩЙћЩѓКЫ
delete from bus_t_pageconsole t where t.url in('/pmkpi/evaluation/financial/resultaudit');
insert into bus_t_pageconsole (URL, TEMPLATE, PAGE, JSLIB, CSSLIB, OBJLIB, APPID, CONSOLESERVICE, METHOD, CONFIG, SUPCONSOLE, REGION, ISEXPAND)
values ('/pmkpi/evaluation/financial/resultaudit', 'template8', '/pmkpi/common/template/template_defautl.jsp', '/pmkpi/common/template/template_default.js', null, null, 'pmkpi', 'gov.mof.fasp2.pmkpi.evaluation.financial.result.ResultPage', 'audit', '{header:[header],left:lefttree,main:[toolbutton,queryform,tabpage,datatable]}', null, null, 1);

delete from bus_t_pageconsolecomconfig t where t.url in('/pmkpi/evaluation/financial/resultaudit');
insert into bus_t_pageconsolecomconfig (URL, COMPONENTID, CONFIG, ID, APPID, REGION)
values ('/pmkpi/evaluation/financial/resultaudit', 'pmkpi_finevaluationresult', '{}', 'finevaluationresult', 'pmkpi', null);

insert into bus_t_pageconsolecomconfig (URL, COMPONENTID, CONFIG, ID, APPID, REGION)
values ('/pmkpi/evaluation/financial/resultaudit', 'busdclefttree', '{}', 'lefttree', 'pmkpi', null);

insert into bus_t_pageconsolecomconfig (URL, COMPONENTID, CONFIG, ID, APPID, REGION)
values ('/pmkpi/evaluation/financial/resultaudit', 'busqueryform', '{key:''/pmkpi/evaluation/financial/program'',name:''ВщбЏЧј'',datatable:''datatable'',fastquery:true,drawmode:''div'',label:''ПьЫйВщбЏ'',labelwidth:''120''}', 'queryform', 'pmkpi', null);

insert into bus_t_pageconsolecomconfig (URL, COMPONENTID, CONFIG, ID, APPID, REGION)
values ('/pmkpi/evaluation/financial/resultaudit', 'bustoolbutton', '{}', 'toolbutton', 'pmkpi', null);

insert into bus_t_pageconsolecomconfig (URL, COMPONENTID, CONFIG, ID, APPID, REGION)
values ('/pmkpi/evaluation/financial/resultaudit', 'header', '{}', 'header', 'pmkpi', null);

insert into bus_t_pageconsolecomconfig (URL, COMPONENTID, CONFIG, ID, APPID, REGION)
values ('/pmkpi/evaluation/financial/resultaudit', 'busuidatatable', '{key:''/pmkpi/evaluation/financial/program'',name:''ВЦеўжиЕуЦРМлЖдЯѓ'',checkbox:true,title:''ВЦеўжиЕуЦРМлЖдЯѓ'',edit:true,addrow:false}', 'datatable', 'pmkpi', null);

insert into bus_t_pageconsolecomconfig (URL, COMPONENTID, CONFIG, ID, APPID, REGION)
values ('/pmkpi/evaluation/financial/resultaudit', 'bustabpage', '{}', 'tabpage', 'pmkpi', null);

--ВЦеўЦРМлЗДРЁвтМћ
delete from bus_t_pageconsole t where t.url in('/pmkpi/evaluation/financial/feedback');
insert into bus_t_pageconsole (URL, TEMPLATE, PAGE, JSLIB, CSSLIB, OBJLIB, APPID, CONSOLESERVICE, METHOD, CONFIG, SUPCONSOLE, REGION, ISEXPAND)
values ('/pmkpi/evaluation/financial/feedback', 'template8', '/pmkpi/common/template/template_defautl.jsp', '/pmkpi/common/template/template_default.js', null, null, 'pmkpi', 'gov.mof.fasp2.pmkpi.evaluation.financial.result.ResultPage', 'feedback', '{header:[header],left:lefttree,main:[toolbutton,queryform,tabpage,datatable]}', null, null, 1);

delete from bus_t_pageconsolecomconfig t where t.url in('/pmkpi/evaluation/financial/feedback');
insert into bus_t_pageconsolecomconfig (URL, COMPONENTID, CONFIG, ID, APPID, REGION)
values ('/pmkpi/evaluation/financial/feedback', 'pmkpi_finevaluationresult', '{}', 'finevaluationresult', 'pmkpi', null);

insert into bus_t_pageconsolecomconfig (URL, COMPONENTID, CONFIG, ID, APPID, REGION)
values ('/pmkpi/evaluation/financial/feedback', 'busdclefttree', '{}', 'lefttree', 'pmkpi', null);

insert into bus_t_pageconsolecomconfig (URL, COMPONENTID, CONFIG, ID, APPID, REGION)
values ('/pmkpi/evaluation/financial/feedback', 'busqueryform', '{key:''/pmkpi/evaluation/financial/program'',name:''ВщбЏЧј'',datatable:''datatable'',fastquery:true,drawmode:''div'',label:''ПьЫйВщбЏ'',labelwidth:''120''}', 'queryform', 'pmkpi', null);

insert into bus_t_pageconsolecomconfig (URL, COMPONENTID, CONFIG, ID, APPID, REGION)
values ('/pmkpi/evaluation/financial/feedback', 'bustoolbutton', '{}', 'toolbutton', 'pmkpi', null);

insert into bus_t_pageconsolecomconfig (URL, COMPONENTID, CONFIG, ID, APPID, REGION)
values ('/pmkpi/evaluation/financial/feedback', 'header', '{}', 'header', 'pmkpi', null);

insert into bus_t_pageconsolecomconfig (URL, COMPONENTID, CONFIG, ID, APPID, REGION)
values ('/pmkpi/evaluation/financial/feedback', 'busuidatatable', '{key:''/pmkpi/evaluation/financial/program'',name:''ВЦеўжиЕуЦРМлЖдЯѓ'',checkbox:true,title:''ВЦеўжиЕуЦРМлЖдЯѓ'',edit:true,addrow:false}', 'datatable', 'pmkpi', null);

insert into bus_t_pageconsolecomconfig (URL, COMPONENTID, CONFIG, ID, APPID, REGION)
values ('/pmkpi/evaluation/financial/feedback', 'bustabpage', '{}', 'tabpage', 'pmkpi', null);

--ВЦеўЦРМлНгЪеЭЈжЊ
delete from bus_t_pageconsole t where t.url in('/pmkpi/evaluation/financial/acceptnotice');
insert into bus_t_pageconsole (URL, TEMPLATE, PAGE, JSLIB, CSSLIB, OBJLIB, APPID, CONSOLESERVICE, METHOD, CONFIG, SUPCONSOLE, REGION, ISEXPAND)
values ('/pmkpi/evaluation/financial/acceptnotice', 'template8', '/pmkpi/common/template/template_defautl.jsp', '/pmkpi/common/template/template_default.js', null, null, 'pmkpi', 'gov.mof.fasp2.pmkpi.evaluation.financial.result.ResultPage', 'acceptnotice', '{header:[header],left:lefttree,main:[toolbutton,queryform,datatable]}', null, null, 1);

delete from bus_t_pageconsolecomconfig t where t.url in('/pmkpi/evaluation/financial/acceptnotice');
insert into bus_t_pageconsolecomconfig (URL, COMPONENTID, CONFIG, ID, APPID, REGION)
values ('/pmkpi/evaluation/financial/acceptnotice', 'pmkpi_finevaluationresult', '{}', 'finevaluationresult', 'pmkpi', null);

insert into bus_t_pageconsolecomconfig (URL, COMPONENTID, CONFIG, ID, APPID, REGION)
values ('/pmkpi/evaluation/financial/acceptnotice', 'busdclefttree', '{}', 'lefttree', 'pmkpi', null);

insert into bus_t_pageconsolecomconfig (URL, COMPONENTID, CONFIG, ID, APPID, REGION)
values ('/pmkpi/evaluation/financial/acceptnotice', 'busqueryform', '{key:''/pmkpi/evaluation/financial/program'',name:''ВщбЏЧј'',datatable:''datatable'',fastquery:true,drawmode:''div'',label:''ПьЫйВщбЏ'',labelwidth:''120''}', 'queryform', 'pmkpi', null);

insert into bus_t_pageconsolecomconfig (URL, COMPONENTID, CONFIG, ID, APPID, REGION)
values ('/pmkpi/evaluation/financial/acceptnotice', 'bustoolbutton', '{}', 'toolbutton', 'pmkpi', null);

insert into bus_t_pageconsolecomconfig (URL, COMPONENTID, CONFIG, ID, APPID, REGION)
values ('/pmkpi/evaluation/financial/acceptnotice', 'header', '{}', 'header', 'pmkpi', null);

insert into bus_t_pageconsolecomconfig (URL, COMPONENTID, CONFIG, ID, APPID, REGION)
values ('/pmkpi/evaluation/financial/acceptnotice', 'busuidatatable', '{key:''/pmkpi/evaluation/financial/acceptnotice'',name:''ВЦеўжиЕуЦРМлЖдЯѓ'',checkbox:true,title:''ВЦеўжиЕуЦРМлЖдЯѓ'',edit:true,addrow:false}', 'datatable', 'pmkpi', null);

--МЈаЇЦРМлРрБ№ЮЌЛЄ
delete from bus_t_pageconsole t where t.url in('/pmkpi/setting/dataset/fineval');
insert into bus_t_pageconsole (URL, TEMPLATE, PAGE, JSLIB, CSSLIB, OBJLIB, APPID, CONSOLESERVICE, METHOD, CONFIG, SUPCONSOLE, REGION, ISEXPAND)
values ('/pmkpi/setting/dataset/fineval', 'template8', '/pmkpi/common/template/template_defautl.jsp', '/pmkpi/common/template/template_default.js', null, null, 'pmkpi', 'gov.mof.fasp2.pmkpi.setting.dataset.PerfDataSetPage', 'index', '{header:[header],main:[toolbutton,queryform,datatable]}', null, null, 1);

delete from bus_t_pagecomponent t where t.id in('pmkpi_perfdataset');
insert into bus_t_pagecomponent (ID, NAME, TYPE, REMARK, JSLIB, JSOBJECTNAME, APPID, SERVICE)
values ('pmkpi_perfdataset', 'МЈаЇЦРЙРРрБ№', null, 'МЈаЇЦРЙРРрБ№', '/pmkpi/setting/dataset/perfdatasetservice.js', 'Ext.lt.pmkpi.perfdataset', 'pmkpi', 'pmkpi.setting.dataset.PerfDataSetService');

delete from bus_t_pageconsolecomconfig t where t.url in('/pmkpi/setting/dataset/fineval');
insert into bus_t_pageconsolecomconfig (URL, COMPONENTID, CONFIG, ID, APPID, REGION)
values ('/pmkpi/setting/dataset/fineval', 'pmkpi_perfdataset', '{}', 'perfdataset', 'pmkpi', null);

insert into bus_t_pageconsolecomconfig (URL, COMPONENTID, CONFIG, ID, APPID, REGION)
values ('/pmkpi/setting/dataset/fineval', 'busqueryform', '{key:''/pmkpi/setting/dataset'',name:''ВщбЏЧј'',datatable:''datatable'',fastquery:true,drawmode:''div'',label:''ПьЫйВщбЏ'',labelwidth:''120''}', 'queryform', 'pmkpi', null);

insert into bus_t_pageconsolecomconfig (URL, COMPONENTID, CONFIG, ID, APPID, REGION)
values ('/pmkpi/setting/dataset/fineval', 'bustoolbutton', '{key:''/pmkpi/setting/dataset''}', 'toolbutton', 'pmkpi', null);

insert into bus_t_pageconsolecomconfig (URL, COMPONENTID, CONFIG, ID, APPID, REGION)
values ('/pmkpi/setting/dataset/fineval', 'header', '{}', 'header', 'pmkpi', null);

insert into bus_t_pageconsolecomconfig (URL, COMPONENTID, CONFIG, ID, APPID, REGION)
values ('/pmkpi/setting/dataset/fineval', 'busuidatatable', '{key:''/pmkpi/setting/dataset'',name:''МЈаЇЦРМлРрБ№'',checkbox:true,title:''МЈаЇЦРМлРрБ№'',edit:true,addrow:true}', 'datatable', 'pmkpi', null);
