begin
  
delete from bus_t_pageconsolecomconfig where url = '/pmkpi/transfer/editperf';
insert into bus_t_pageconsolecomconfig (URL, COMPONENTID, CONFIG, ID, APPID, REGION)
values ('/pmkpi/transfer/editperf', 'pmkpi_tabfreamedit', '{}', 'tabfreamedit', 'pmkpi', null);

insert into bus_t_pageconsolecomconfig (URL, COMPONENTID, CONFIG, ID, APPID, REGION)
values ('/pmkpi/transfer/editperf', 'bustoolbutton', '{}', 'toolbutton', 'pmkpi', null);

insert into bus_t_pageconsolecomconfig (URL, COMPONENTID, CONFIG, ID, APPID, REGION)
values ('/pmkpi/transfer/editperf', 'bustabpage', '{}', 'tabpage', 'pmkpi', null);

insert into bus_t_pageconsolecomconfig (URL, COMPONENTID, CONFIG, ID, APPID, REGION)
values ('/pmkpi/transfer/editperf', 'buseditform', '{key:''/pmkpi/program/report/edit'',title:''»ů´ˇĐĹĎ˘'',tablecode:''v_perf_project_info'',iswf:''true''}', 'editform', 'pmkpi', null);


delete from bus_t_pageconsole where url = '/pmkpi/transfer/editperf';
insert into bus_t_pageconsole (URL, TEMPLATE, PAGE, JSLIB, CSSLIB, OBJLIB, APPID, CONSOLESERVICE, METHOD, CONFIG, SUPCONSOLE, REGION, ISEXPAND)
values ('/pmkpi/transfer/editperf', 'template8', '/pmkpi/common/template/template_defautl.jsp', '/pmkpi/common/template/template_default.js', null, null, 'pmkpi', 'gov.mof.fasp2.pmkpi.tabfream.TabfreamPage', 'editindex', '{main:[tabpage,editform],footer:[toolbutton]}', null, null, 0);



delete from bus_t_pageconsolecomconfig where url = '/pmkpi/transfer/transfergoal';
insert into bus_t_pageconsolecomconfig (URL, COMPONENTID, CONFIG, ID, APPID, REGION)
values ('/pmkpi/transfer/transfergoal', 'pmkpi_transfergoal', '{}', 'transfergoal', 'pmkpi', null);

insert into bus_t_pageconsolecomconfig (URL, COMPONENTID, CONFIG, ID, APPID, REGION)
values ('/pmkpi/transfer/transfergoal', 'bustabpage', '{}', 'tabpage', 'pmkpi', null);

insert into bus_t_pageconsolecomconfig (URL, COMPONENTID, CONFIG, ID, APPID, REGION)
values ('/pmkpi/transfer/transfergoal', 'buseditform', '{}', 'editform', 'pmkpi', null);

insert into bus_t_pageconsolecomconfig (URL, COMPONENTID, CONFIG, ID, APPID, REGION)
values ('/pmkpi/transfer/transfergoal', 'bustoolbutton', '{}', 'toolbutton', 'pmkpi', null);


delete from bus_t_pageconsole where url = '/pmkpi/transfer/transfergoal';
insert into bus_t_pageconsole (URL, TEMPLATE, PAGE, JSLIB, CSSLIB, OBJLIB, APPID, CONSOLESERVICE, METHOD, CONFIG, SUPCONSOLE, REGION, ISEXPAND)
values ('/pmkpi/transfer/transfergoal', 'template8', '/pmkpi/common/template/template_defautl.jsp', '/pmkpi/common/template/template_default.js', null, null, 'pmkpi', 'gov.mof.fasp2.pmkpi.transfer.report.TransferPage', 'goallist', '{main:[toolbutton,tabpage,editform]}', null, null, 0);



delete from bus_t_pagecomponent where id = 'pmkpi_transfergoal';
insert into bus_t_pagecomponent (ID, NAME, TYPE, REMARK, JSLIB, JSOBJECTNAME, APPID, SERVICE)
values ('pmkpi_transfergoal', 'Ľ¨Đ§Äż±ę', null, 'Ľ¨Đ§Äż±ę', '/buscommon/fileimport/js/import.js,/pmkpi/transfer/transfergoal.js', 'Ext.lt.pmkpi.transfergoal', 'pmkpi', 'pmkpi.transfer.TransferService');



delete from bus_t_pageconsolecomconfig where url = '/pmkpi/transfer/transferindex';
insert into bus_t_pageconsolecomconfig (URL, COMPONENTID, CONFIG, ID, APPID, REGION)
values ('/pmkpi/transfer/transferindex', 'pmkpi_transferindex', '{}', 'transferindex', 'pmkpi', null);

insert into bus_t_pageconsolecomconfig (URL, COMPONENTID, CONFIG, ID, APPID, REGION)
values ('/pmkpi/transfer/transferindex', 'busuidatatable', '{headsort:false,addrow:false,nogroupbox:true,edit:true,checkbox:true,groupcols:[''guid'',''superid'',''name'',''levelno''],treedata:true,treemapping:null,initlevel:6,isuphide:false,editgroupdata:true,nextSibling:false,key:''/pmkpi/program/report/treeindex'',rowtolist:false}', 'datatable', 'pmkpi', null);

insert into bus_t_pageconsolecomconfig (URL, COMPONENTID, CONFIG, ID, APPID, REGION)
values ('/pmkpi/transfer/transferindex', 'bustoolbutton', '{}', 'toolbutton', 'pmkpi', null);

insert into bus_t_pageconsolecomconfig (URL, COMPONENTID, CONFIG, ID, APPID, REGION)
values ('/pmkpi/transfer/transferindex', 'bustabpage', '{}', 'tabpage', 'pmkpi', null);





delete from bus_t_pagecomponent where id = 'pmkpi_transferindex';
insert into bus_t_pagecomponent (ID, NAME, TYPE, REMARK, JSLIB, JSOBJECTNAME, APPID, SERVICE)
values ('pmkpi_transferindex', 'Ľ¨Đ§Ö¸±ę', null, 'Ľ¨Đ§Ö¸±ę', '/buscommon/fileimport/js/import.js,/pmkpi/transfer/transferindex.js', 'Ext.lt.pmkpi.transferindex', 'pmkpi', 'pmkpi.transfer.TransferService');





delete from bus_t_pageconsole where url = '/pmkpi/transfer/transferindex';
insert into bus_t_pageconsole (URL, TEMPLATE, PAGE, JSLIB, CSSLIB, OBJLIB, APPID, CONSOLESERVICE, METHOD, CONFIG, SUPCONSOLE, REGION, ISEXPAND)
values ('/pmkpi/transfer/transferindex', 'template8', '/pmkpi/common/template/template_defautl.jsp', '/pmkpi/common/template/template_default.js', null, null, 'pmkpi', 'gov.mof.fasp2.pmkpi.transfer.report.TransferPage', 'indexlist', '{main:[toolbutton,tabpage,datatable]}', null, null, 0);

