begin

delete from bus_t_pageconsole t where t.url in('/pmkpi/index/list');

insert into bus_t_pageconsole (URL, TEMPLATE, PAGE, JSLIB, CSSLIB, OBJLIB, APPID, CONSOLESERVICE, METHOD, CONFIG, SUPCONSOLE, REGION, ISEXPAND)
values ('/pmkpi/index/list', 'template8', '/pmkpi/common/template/template_defautl.jsp', '/pmkpi/common/template/template_default.js', '', '', 'pmkpi', 'gov.mof.fasp2.pmkpi.setting.index.IndexPage', 'index', '{header:[header],left:lefttree,main:[toolbutton,queryform,datatable]}', '', '', 0);

delete from bus_t_pageconsolecomconfig t where t.url in('/pmkpi/index/list');

insert into bus_t_pageconsolecomconfig (URL, COMPONENTID, CONFIG, ID, APPID, REGION)
values ('/pmkpi/index/list', 'pmkpi_indexlib', '{}', 'indexlib', 'pmkpi', '');

insert into bus_t_pageconsolecomconfig (URL, COMPONENTID, CONFIG, ID, APPID, REGION)
values ('/pmkpi/index/list', 'busuidatatable', '{name:''寧깃깊'',checkbox:true,title:''寧깃깊'',edit:false,addrow:false}', 'datatable', 'pmkpi', '');

insert into bus_t_pageconsolecomconfig (URL, COMPONENTID, CONFIG, ID, APPID, REGION)
values ('/pmkpi/index/list', 'header', '{}', 'header', 'pmkpi', '');

insert into bus_t_pageconsolecomconfig (URL, COMPONENTID, CONFIG, ID, APPID, REGION)
values ('/pmkpi/index/list', 'bustoolbutton', '{}', 'toolbutton', 'pmkpi', '');

insert into bus_t_pageconsolecomconfig (URL, COMPONENTID, CONFIG, ID, APPID, REGION)
values ('/pmkpi/index/list', 'buslefttree', '{}', 'lefttree', 'pmkpi', '');

insert into bus_t_pageconsolecomconfig (URL, COMPONENTID, CONFIG, ID, APPID, REGION)
values ('/pmkpi/index/list', 'busqueryform', '{name:''꿴璂혐'',datatable:''datatable'',fastquery:true,drawmode:''div'',label:''우醵꿴璂'',labelwidth:''120''}', 'queryform', 'pmkpi', '');

delete from bus_t_pagecomponent t where t.id in('pmkpi_indexlib');

insert into bus_t_pagecomponent (ID, NAME, TYPE, REMARK, JSLIB, JSOBJECTNAME, APPID, SERVICE)
values ('pmkpi_indexlib', '寧깃욋', '', '寧깃욋', '/pmkpi/setting/index/indexservice.js', 'Ext.lt.pmkpi.indexservice', 'pmkpi', 'pmkpi.setting.index.IndexService');

delete from bus_t_pageconsole t where t.url in('/pmkpi/setting/model/list');

insert into bus_t_pageconsole (URL, TEMPLATE, PAGE, JSLIB, CSSLIB, OBJLIB, APPID, CONSOLESERVICE, METHOD, CONFIG, SUPCONSOLE, REGION, ISEXPAND)
values ('/pmkpi/setting/model/list', 'template8', '/pmkpi/common/template/template_defautl.jsp', '/pmkpi/common/template/template_default.js', '', '', 'pmkpi', 'gov.mof.fasp2.pmkpi.setting.modelcase.ModelCasePage', 'list', '{header:[header],main:[toolbutton,queryform,datatable]}', '', '', 0);

delete from bus_t_pageconsolecomconfig t where t.url in('/pmkpi/setting/model/list');

insert into bus_t_pageconsolecomconfig (URL, COMPONENTID, CONFIG, ID, APPID, REGION)
values ('/pmkpi/setting/model/list', 'pmkpi_model', '{}', 'model', 'pmkpi', '');

insert into bus_t_pageconsolecomconfig (URL, COMPONENTID, CONFIG, ID, APPID, REGION)
values ('/pmkpi/setting/model/list', 'busuidatatable', '{name:''친겼욋'',checkbox:true,title:''친겼욋'',edit:true,addrow:true,uikey:''/pmkpi/setting/model/indexlist''}', 'datatable', 'pmkpi', '');

insert into bus_t_pageconsolecomconfig (URL, COMPONENTID, CONFIG, ID, APPID, REGION)
values ('/pmkpi/setting/model/list', 'header', '{}', 'header', 'pmkpi', '');

insert into bus_t_pageconsolecomconfig (URL, COMPONENTID, CONFIG, ID, APPID, REGION)
values ('/pmkpi/setting/model/list', 'bustoolbutton', '{}', 'toolbutton', 'pmkpi', '');

insert into bus_t_pageconsolecomconfig (URL, COMPONENTID, CONFIG, ID, APPID, REGION)
values ('/pmkpi/setting/model/list', 'busqueryform', '{name:''꿴璂혐'',datatable:''datatable'',fastquery:true,drawmode:''div'',label:''우醵꿴璂'',labelwidth:''120''}', 'queryform', 'pmkpi', '');

insert into bus_t_pageconsolecomconfig (URL, COMPONENTID, CONFIG, ID, APPID, REGION)
values ('/pmkpi/setting/model/list', 'bustoolbutton', '{}', 'toolbutton', 'pmkpi', '');

delete from bus_t_pagecomponent t where t.id in('pmkpi_model');

insert into bus_t_pagecomponent (ID, NAME, TYPE, REMARK, JSLIB, JSOBJECTNAME, APPID, SERVICE)
values ('pmkpi_model', '寧깃친겼', '', '寧깃친겼', '/pmkpi/setting/modelcase/modelcaseservice.js', 'Ext.lt.pmkpi.modelcase', 'pmkpi', 'pmkpi.setting.modelcase.ModelCaseService');

delete from bus_t_pageconsole t where t.url in('/pmkpi/setting/case/list');

insert into bus_t_pageconsole (URL, TEMPLATE, PAGE, JSLIB, CSSLIB, OBJLIB, APPID, CONSOLESERVICE, METHOD, CONFIG, SUPCONSOLE, REGION, ISEXPAND)
values ('/pmkpi/setting/case/list', 'template8', '/pmkpi/common/template/template_defautl.jsp', '/pmkpi/common/template/template_default.js', '', '', 'pmkpi', 'gov.mof.fasp2.pmkpi.setting.modelcase.ModelCasePage', 'list', '{header:[header],main:[toolbutton,queryform,datatable]}', '', '', 0);

delete from bus_t_pageconsolecomconfig t where t.url in('/pmkpi/setting/case/list');

insert into bus_t_pageconsolecomconfig (URL, COMPONENTID, CONFIG, ID, APPID, REGION)
values ('/pmkpi/setting/case/list', 'pmkpi_model', '{}', 'model', 'pmkpi', '');

insert into bus_t_pageconsolecomconfig (URL, COMPONENTID, CONFIG, ID, APPID, REGION)
values ('/pmkpi/setting/case/list', 'busuidatatable', '{name:''갭절욋'',checkbox:true,title:''갭절욋'',edit:true,addrow:true,uikey:''/pmkpi/setting/case/indexlist''}', 'datatable', 'pmkpi', '');

insert into bus_t_pageconsolecomconfig (URL, COMPONENTID, CONFIG, ID, APPID, REGION)
values ('/pmkpi/setting/case/list', 'header', '{}', 'header', 'pmkpi', '');

insert into bus_t_pageconsolecomconfig (URL, COMPONENTID, CONFIG, ID, APPID, REGION)
values ('/pmkpi/setting/case/list', 'bustoolbutton', '{}', 'toolbutton', 'pmkpi', '');

insert into bus_t_pageconsolecomconfig (URL, COMPONENTID, CONFIG, ID, APPID, REGION)
values ('/pmkpi/setting/case/list', 'busqueryform', '{name:''꿴璂혐'',datatable:''datatable'',fastquery:true,drawmode:''div'',label:''우醵꿴璂'',labelwidth:''120''}', 'queryform', 'pmkpi', '');

insert into bus_t_pageconsolecomconfig (URL, COMPONENTID, CONFIG, ID, APPID, REGION)
values ('/pmkpi/setting/case/list', 'bustoolbutton', '{}', 'toolbutton', 'pmkpi', '');

delete from bus_t_pagecomponent t where t.id in('pmkpi_model');

insert into bus_t_pagecomponent (ID, NAME, TYPE, REMARK, JSLIB, JSOBJECTNAME, APPID, SERVICE)
values ('pmkpi_model', '寧깃친겼', '', '寧깃친겼', '/pmkpi/setting/modelcase/modelcaseservice.js', 'Ext.lt.pmkpi.modelcase', 'pmkpi', 'pmkpi.setting.modelcase.ModelCaseService');

delete from bus_t_pageconsole t where t.url in('/pmkpi/index/edit');

insert into bus_t_pageconsole (URL, TEMPLATE, PAGE, JSLIB, CSSLIB, OBJLIB, APPID, CONSOLESERVICE, METHOD, CONFIG, SUPCONSOLE, REGION, ISEXPAND)
values ('/pmkpi/index/edit', 'template8', '/pmkpi/common/template/template_defautl.jsp', '/pmkpi/common/template/template_default.js', '', '', 'pmkpi', 'gov.mof.fasp2.pmkpi.setting.index.IndexPage', 'edit', '{main:[toolbutton,editform]}', '', '', 0);

delete from bus_t_pageconsolecomconfig t where t.url in('/pmkpi/index/edit');

insert into bus_t_pageconsolecomconfig (URL, COMPONENTID, CONFIG, ID, APPID, REGION)
values ('/pmkpi/index/edit', 'pmkpi_indexlibedit', '{}', 'indexlibedit', 'pmkpi', '');

insert into bus_t_pageconsolecomconfig (URL, COMPONENTID, CONFIG, ID, APPID, REGION)
values ('/pmkpi/index/edit', 'bustoolbutton', '{}', 'toolbutton', 'pmkpi', '');

insert into bus_t_pageconsolecomconfig (URL, COMPONENTID, CONFIG, ID, APPID, REGION)
values ('/pmkpi/index/edit', 'buseditform', '{title:''寧깃斤口''}', 'editform', 'pmkpi', '');



delete from bus_t_pagecomponent t where t.id in('pmkpi_indexlibedit');

insert into bus_t_pagecomponent (ID, NAME, TYPE, REMARK, JSLIB, JSOBJECTNAME, APPID, SERVICE)
values ('pmkpi_indexlibedit', '寧깃욋', '', '寧깃욋', '/pmkpi/setting/index/indexeditservice.js', 'Ext.lt.pmkpi.indexservice', 'pmkpi', 'pmkpi.setting.index.IndexEditService');

delete from bus_t_pageconsole t where t.url in('/pmkpi/setting/model/indexlist');

insert into bus_t_pageconsole (URL, TEMPLATE, PAGE, JSLIB, CSSLIB, OBJLIB, APPID, CONSOLESERVICE, METHOD, CONFIG, SUPCONSOLE, REGION, ISEXPAND)
values ('/pmkpi/setting/model/indexlist', 'template8', '/pmkpi/common/template/template_defautl.jsp', '/pmkpi/common/template/template_default.js', '', '', 'pmkpi', 'gov.mof.fasp2.pmkpi.setting.modelcase.ModelCasePage', 'indexlist', '{main:[toolbutton,datatable]}', '', '', 0);

delete from bus_t_pageconsolecomconfig t where t.url in('/pmkpi/setting/model/indexlist');

insert into bus_t_pageconsolecomconfig (URL, COMPONENTID, CONFIG, ID, APPID, REGION)
values ('/pmkpi/setting/model/indexlist', 'pmkpi_modelindex', '{}', 'modelindex', 'pmkpi', '');

insert into bus_t_pageconsolecomconfig (URL, COMPONENTID, CONFIG, ID, APPID, REGION)
values ('/pmkpi/setting/model/indexlist', 'busuidatatable', '{name:''친겼寧깃'',checkbox:true,title:''친겼寧깃'',edit:false,addrow:false,uikey:''/pmkpi/setting/model/edit''}', 'datatable', 'pmkpi', '');

insert into bus_t_pageconsolecomconfig (URL, COMPONENTID, CONFIG, ID, APPID, REGION)
values ('/pmkpi/setting/model/indexlist', 'bustoolbutton', '{}', 'toolbutton', 'pmkpi', '');

delete from bus_t_pagecomponent t where t.id in('pmkpi_modelindex');

insert into bus_t_pagecomponent (ID, NAME, TYPE, REMARK, JSLIB, JSOBJECTNAME, APPID, SERVICE)
values ('pmkpi_modelindex', '갭절/친겼寧깃츠玖', '', '갭절/친겼寧깃츠玖', '/pmkpi/setting/modelcase/modelcaseindex.js', 'Ext.lt.pmkpi.modelcaseindex', 'pmkpi', 'pmkpi.setting.modelcase.ModelCaseIndexService');


delete from bus_t_pageconsole t where t.url in('/pmkpi/setting/model/edit');

insert into bus_t_pageconsole (URL, TEMPLATE, PAGE, JSLIB, CSSLIB, OBJLIB, APPID, CONSOLESERVICE, METHOD, CONFIG, SUPCONSOLE, REGION, ISEXPAND)
values ('/pmkpi/setting/model/edit', 'template8', '/pmkpi/common/template/template_defautl.jsp', '/pmkpi/common/template/template_default.js', '', '', 'pmkpi', 'gov.mof.fasp2.pmkpi.setting.modelcase.ModelCasePage', 'indexedit', '{main:[toolbutton,editform]}', '', '', 0);

delete from bus_t_pageconsolecomconfig t where t.url in('/pmkpi/setting/model/edit');

insert into bus_t_pageconsolecomconfig (URL, COMPONENTID, CONFIG, ID, APPID, REGION)
values ('/pmkpi/setting/model/edit', 'pmkpi_modelindexedit', '{}', 'modelindexedit', 'pmkpi', '');

insert into bus_t_pageconsolecomconfig (URL, COMPONENTID, CONFIG, ID, APPID, REGION)
values ('/pmkpi/setting/model/edit', 'bustoolbutton', '{}', 'toolbutton', 'pmkpi', '');

insert into bus_t_pageconsolecomconfig (URL, COMPONENTID, CONFIG, ID, APPID, REGION)
values ('/pmkpi/setting/model/edit', 'buseditform', '{title:''寧깃斤口''}', 'editform', 'pmkpi', '');



delete from bus_t_pagecomponent t where t.id in('pmkpi_modelindexedit');

insert into bus_t_pagecomponent (ID, NAME, TYPE, REMARK, JSLIB, JSOBJECTNAME, APPID, SERVICE)
values ('pmkpi_modelindexedit', '친겼寧깃긍서', '', '친겼寧깃긍서', '/pmkpi/setting/modelcase/modelcaseindexedit.js', 'Ext.lt.pmkpi.modelcaseindexedit', 'pmkpi', 'pmkpi.setting.modelcase.ModelCaseIndexEditService');


delete from bus_t_pageconsole t where t.url in('/pmkpi/setting/case/indexlist');

insert into bus_t_pageconsole (URL, TEMPLATE, PAGE, JSLIB, CSSLIB, OBJLIB, APPID, CONSOLESERVICE, METHOD, CONFIG, SUPCONSOLE, REGION, ISEXPAND)
values ('/pmkpi/setting/case/indexlist', 'template8', '/pmkpi/common/template/template_defautl.jsp', '/pmkpi/common/template/template_default.js', '', '', 'pmkpi', 'gov.mof.fasp2.pmkpi.setting.modelcase.ModelCasePage', 'indexlist', '{main:[toolbutton,datatable]}', '', '', 0);

delete from bus_t_pageconsolecomconfig t where t.url in('/pmkpi/setting/case/indexlist');

insert into bus_t_pageconsolecomconfig (URL, COMPONENTID, CONFIG, ID, APPID, REGION)
values ('/pmkpi/setting/case/indexlist', 'pmkpi_modelindex', '{}', 'modelindex', 'pmkpi', '');

insert into bus_t_pageconsolecomconfig (URL, COMPONENTID, CONFIG, ID, APPID, REGION)
values ('/pmkpi/setting/case/indexlist', 'busuidatatable', '{name:''갭절寧깃'',checkbox:true,title:''갭절寧깃'',edit:false,addrow:false,uikey:''/pmkpi/setting/case/edit''}', 'datatable', 'pmkpi', '');

insert into bus_t_pageconsolecomconfig (URL, COMPONENTID, CONFIG, ID, APPID, REGION)
values ('/pmkpi/setting/case/indexlist', 'bustoolbutton', '{}', 'toolbutton', 'pmkpi', '');

delete from bus_t_pagecomponent t where t.id in('pmkpi_modelindex');

insert into bus_t_pagecomponent (ID, NAME, TYPE, REMARK, JSLIB, JSOBJECTNAME, APPID, SERVICE)
values ('pmkpi_modelindex', '갭절/친겼寧깃츠玖', '', '갭절/친겼寧깃츠玖', '/pmkpi/setting/modelcase/modelcaseindex.js', 'Ext.lt.pmkpi.modelcaseindex', 'pmkpi', 'pmkpi.setting.modelcase.ModelCaseIndexService');

delete from bus_t_pageconsole t where t.url in('/pmkpi/setting/case/edit');

insert into bus_t_pageconsole (URL, TEMPLATE, PAGE, JSLIB, CSSLIB, OBJLIB, APPID, CONSOLESERVICE, METHOD, CONFIG, SUPCONSOLE, REGION, ISEXPAND)
values ('/pmkpi/setting/case/edit', 'template8', '/pmkpi/common/template/template_defautl.jsp', '/pmkpi/common/template/template_default.js', '', '', 'pmkpi', 'gov.mof.fasp2.pmkpi.setting.modelcase.ModelCasePage', 'indexedit', '{main:[toolbutton,editform]}', '', '', 0);

delete from bus_t_pageconsolecomconfig t where t.url in('/pmkpi/setting/case/edit');

insert into bus_t_pageconsolecomconfig (URL, COMPONENTID, CONFIG, ID, APPID, REGION)
values ('/pmkpi/setting/case/edit', 'pmkpi_modelindexedit', '{}', 'modelindexedit', 'pmkpi', '');

insert into bus_t_pageconsolecomconfig (URL, COMPONENTID, CONFIG, ID, APPID, REGION)
values ('/pmkpi/setting/case/edit', 'bustoolbutton', '{}', 'toolbutton', 'pmkpi', '');

insert into bus_t_pageconsolecomconfig (URL, COMPONENTID, CONFIG, ID, APPID, REGION)
values ('/pmkpi/setting/case/edit', 'buseditform', '{title:''寧깃斤口''}', 'editform', 'pmkpi', '');



delete from bus_t_pagecomponent t where t.id in('pmkpi_modelindexedit');

insert into bus_t_pagecomponent (ID, NAME, TYPE, REMARK, JSLIB, JSOBJECTNAME, APPID, SERVICE)
values ('pmkpi_modelindexedit', '친겼寧깃긍서', '', '친겼寧깃긍서', '/pmkpi/setting/modelcase/modelcaseindexedit.js', 'Ext.lt.pmkpi.modelcaseindexedit', 'pmkpi', 'pmkpi.setting.modelcase.ModelCaseIndexEditService');
