begin

--“≥пњљпњљпњљпњљпњљпњљ PAGE
--пњљпњљƒњпњљпњљ–Іƒњпњљпњљпњљ—ѓ
delete from Bus_t_Pageconsole t where t.url='/pmkpi/program/query/list';
insert into Bus_t_Pageconsole (URL, TEMPLATE, PAGE, JSLIB, CSSLIB, OBJLIB, APPID, CONSOLESERVICE, METHOD, CONFIG, SUPCONSOLE, REGION, ISEXPAND)
values ('/pmkpi/program/query/list', 'template8', '/pmkpi/common/template/template_defautl.jsp', '/pmkpi/common/template/template_default.js', null, null, 'pmkpi', 'gov.mof.fasp2.pmkpi.perfprogram.query.TlpProgramQueryPage', 'index', '{header:[header],left:lefttree,main:[toolbutton,queryform,datatable]}', null, null, 0);

delete from Bus_t_Pageconsolecomconfig t where t.url='/pmkpi/program/query/list';
insert into Bus_t_Pageconsolecomconfig (URL, COMPONENTID, CONFIG, ID, APPID, REGION)
values ('/pmkpi/program/query/list', 'pmkpi_tlprogramquery', '{}', 'tlprogramquery', 'pmkpi', null);

insert into Bus_t_Pageconsolecomconfig (URL, COMPONENTID, CONFIG, ID, APPID, REGION)
values ('/pmkpi/program/query/list', 'busuidatatable', '{name:''пњљпњљƒњпњљпњљ–І'',checkbox:true,title:''пњљпњљƒњпњљпњљ–І'',edit:false,addrow:false,uikey:''/pmkpi/program/report/edit''}', 'datatable', 'pmkpi', null);

insert into Bus_t_Pageconsolecomconfig (URL, COMPONENTID, CONFIG, ID, APPID, REGION)
values ('/pmkpi/program/query/list', 'bustoolbutton', '{}', 'toolbutton', 'pmkpi', null);

insert into Bus_t_Pageconsolecomconfig (URL, COMPONENTID, CONFIG, ID, APPID, REGION)
values ('/pmkpi/program/query/list', 'header', '{}', 'header', 'pmkpi', null);

insert into Bus_t_Pageconsolecomconfig (URL, COMPONENTID, CONFIG, ID, APPID, REGION)
values ('/pmkpi/program/query/list', 'buslefttree', '{}', 'lefttree', 'pmkpi', null);

insert into Bus_t_Pageconsolecomconfig (URL, COMPONENTID, CONFIG, ID, APPID, REGION)
values ('/pmkpi/program/query/list', 'busqueryform', '{name:''пњљпњљ—ѓпњљпњљ'',datatable:''datatable'',fastquery:true,drawmode:''div'',label:''пњљпњљпњљў≤пњљ—ѓ'',labelwidth:''120''}', 'queryform', 'pmkpi', null);

delete from Bus_t_Pagecomponent t where t.id='pmkpi_tlprogramquery';
insert into Bus_t_Pagecomponent (ID, NAME, TYPE, REMARK, JSLIB, JSOBJECTNAME, APPID, SERVICE)
values ('pmkpi_tlprogramquery', 'пњљпњљƒњпњљпњљ–Іпњљпњљ—ѓ', null, 'пњљпњљƒњпњљпњљ–Іпњљпњљ—ѓ', '/pmkpi/perfprogram/query/assessquery.js', 'Ext.lt.pmkpi.perfprogram.tlpqueryservice', 'pmkpi', 'pmkpi.perfprogram.TlpProgramQueryService');

--пњљпњљƒњпњљпњљ–Іƒњпњљпњљпњљпњљпњљ
delete from Bus_t_Pageconsole t where t.url='/pmkpi/program/report/audit';
insert into Bus_t_Pageconsole (URL, TEMPLATE, PAGE, JSLIB, CSSLIB, OBJLIB, APPID, CONSOLESERVICE, METHOD, CONFIG, SUPCONSOLE, REGION, ISEXPAND)
values ('/pmkpi/program/report/audit', 'template8', '/pmkpi/common/template/template_defautl.jsp', '/pmkpi/common/template/template_default.js', null, null, 'pmkpi', 'gov.mof.fasp2.pmkpi.perfprogram.audit.TlpProgramAuditPage', 'index', '{header:[header],left:lefttree,main:[toolbutton,queryform,tabpage,datatable],height:[null,null,null,null]}', null, null, 0);

delete from Bus_t_Pageconsolecomconfig t where t.url='/pmkpi/program/report/audit';
insert into Bus_t_Pageconsolecomconfig (URL, COMPONENTID, CONFIG, ID, APPID, REGION)
values ('/pmkpi/program/report/audit', 'pmkpi_tlprogramaudit', '{}', 'tlprogramaudit', 'pmkpi', null);

insert into Bus_t_Pageconsolecomconfig (URL, COMPONENTID, CONFIG, ID, APPID, REGION)
values ('/pmkpi/program/report/audit', 'busuidatatable', '{name:''пњљпњљƒњпњљпњљ–Іпњљпњљпњљ'',checkbox:true,title:''пњљпњљƒњпњљпњљ–Іпњљпњљпњљ'',edit:false,addrow:false,pagetype:''audit'',uikey:''/pmkpi/program/report/edit''}', 'datatable', 'pmkpi', null);

insert into Bus_t_Pageconsolecomconfig (URL, COMPONENTID, CONFIG, ID, APPID, REGION)
values ('/pmkpi/program/report/audit', 'bustoolbutton', '{}', 'toolbutton', 'pmkpi', null);

insert into Bus_t_Pageconsolecomconfig (URL, COMPONENTID, CONFIG, ID, APPID, REGION)
values ('/pmkpi/program/report/audit', 'header', '{}', 'header', 'pmkpi', null);

insert into Bus_t_Pageconsolecomconfig (URL, COMPONENTID, CONFIG, ID, APPID, REGION)
values ('/pmkpi/program/report/audit', 'bustabpage', '{}', 'tabpage', 'pmkpi', null);

insert into Bus_t_Pageconsolecomconfig (URL, COMPONENTID, CONFIG, ID, APPID, REGION)
values ('/pmkpi/program/report/audit', 'buslefttree', '{}', 'lefttree', 'pmkpi', null);

insert into Bus_t_Pageconsolecomconfig (URL, COMPONENTID, CONFIG, ID, APPID, REGION)
values ('/pmkpi/program/report/audit', 'busqueryform', '{name:''пњљпњљ—ѓпњљпњљ'',datatable:''datatable'',fastquery:true,drawmode:''div'',label:''пњљпњљпњљў≤пњљ—ѓ'',labelwidth:''120''}', 'queryform', 'pmkpi', null);

delete from Bus_t_Pagecomponent t where t.id='pmkpi_tlprogramaudit';
insert into Bus_t_Pagecomponent (ID, NAME, TYPE, REMARK, JSLIB, JSOBJECTNAME, APPID, SERVICE)
values ('pmkpi_tlprogramaudit', 'пњљпњљƒњпњљпњљ–Іпњљпњљпњљ', null, 'пњљпњљƒњпњљпњљ–Іпњљпњљпњљ', '/pmkpi/perfprogram/audit/tlprogramaudit.js', 'Ext.lt.pmkpi.perfprogram.tlpauditservice', 'pmkpi', 'pmkpi.perfprogram.TlpProgramAuditService');

--пњљпњљƒњпњљпњљ–Іƒњпњљпњљпњљо±®
delete from Bus_t_Pageconsole t where t.url='/pmkpi/program/report/list';
insert into Bus_t_Pageconsole (URL, TEMPLATE, PAGE, JSLIB, CSSLIB, OBJLIB, APPID, CONSOLESERVICE, METHOD, CONFIG, SUPCONSOLE, REGION, ISEXPAND)
values ('/pmkpi/program/report/list', 'template8', '/pmkpi/common/template/template_defautl.jsp', '/pmkpi/common/template/template_default.js', null, null, 'pmkpi', 'gov.mof.fasp2.pmkpi.perfprogram.report.TlpProgramPage', 'index', '{header:[header],left:lefttree,main:[toolbutton,queryform,tabpage,datatable]}', null, null, 0);


delete from Bus_t_Pageconsolecomconfig t where t.url='/pmkpi/program/report/list';
insert into Bus_t_Pageconsolecomconfig (URL, COMPONENTID, CONFIG, ID, APPID, REGION)
values ('/pmkpi/program/report/list', 'pmkpi_tlproreport', '{}', 'pmkpitlproreport', 'pmkpi', null);

insert into Bus_t_Pageconsolecomconfig (URL, COMPONENTID, CONFIG, ID, APPID, REGION)
values ('/pmkpi/program/report/list', 'buslefttree', '{}', 'lefttree', 'pmkpi', null);

insert into Bus_t_Pageconsolecomconfig (URL, COMPONENTID, CONFIG, ID, APPID, REGION)
values ('/pmkpi/program/report/list', 'busqueryform', '{name:''пњљпњљ—ѓпњљпњљ'',datatable:''datatable'',fastquery:true,drawmode:''div'',label:''пњљпњљпњљў≤пњљ—ѓ'',labelwidth:''120''}', 'queryform', 'pmkpi', null);

insert into Bus_t_Pageconsolecomconfig (URL, COMPONENTID, CONFIG, ID, APPID, REGION)
values ('/pmkpi/program/report/list', 'bustoolbutton', '{}', 'toolbutton', 'pmkpi', null);

insert into Bus_t_Pageconsolecomconfig (URL, COMPONENTID, CONFIG, ID, APPID, REGION)
values ('/pmkpi/program/report/list', 'header', '{}', 'header', 'pmkpi', null);

insert into Bus_t_Pageconsolecomconfig (URL, COMPONENTID, CONFIG, ID, APPID, REGION)
values ('/pmkpi/program/report/list', 'busuidatatable', '{name:''пњљпњљƒњпњљпњљ–Іпњљк±®'',checkbox:true,title:''пњљпњљƒњпњљпњљ–Іпњљк±®'',edit:false,addrow:false,pagetype:''report'',uikey:''/pmkpi/program/report/edit'',deltables:[v_perf_t_outpayproject,v_pm_perf_indicator]}', 'datatable', 'pmkpi', null);


insert into Bus_t_Pageconsolecomconfig (URL, COMPONENTID, CONFIG, ID, APPID, REGION)
values ('/pmkpi/program/report/list', 'bustabpage', '{}', 'tabpage', 'pmkpi', null);

delete from Bus_t_Pagecomponent t where t.id='pmkpi_tlproreport';
insert into Bus_t_Pagecomponent (ID, NAME, TYPE, REMARK, JSLIB, JSOBJECTNAME, APPID, SERVICE)
values ('pmkpi_tlproreport', 'пњљпњљƒњпњљпњљ–Іпњљк±®', null, 'пњљпњљƒњпњљпњљ–Іпњљк±®', '/busfw/ltext/swfupload/jslib/fupload.js,/busfw/ltext/componentview/ltext_fileupload.js,/busfw/common/ui/ui_uploadfiles.js,/busfw/ltext/fuds-download.js,/busfw/ltext/fuds-upload.js,/pmkpi/common/fileupload.js,/pmkpi/perfprogram/report/proreport.js', 'Ext.lt.pmkpi.perfprogram.reportservice', 'pmkpi', 'pmkpi.perfprogram.TlpProgramService');

--пњљпњљƒњпњљпњљ–Іƒњпњљпњљпњљо±®пњљпњљпњљпњљпњљпњљпњљпњљѕҐ
delete from Bus_t_Pageconsole t where t.url='/pmkpi/program/report/edit';
insert into Bus_t_Pageconsole (URL, TEMPLATE, PAGE, JSLIB, CSSLIB, OBJLIB, APPID, CONSOLESERVICE, METHOD, CONFIG, SUPCONSOLE, REGION, ISEXPAND)
values ('/pmkpi/program/report/edit', 'template8', '/pmkpi/common/template/template_defautl.jsp', '/pmkpi/common/template/template_default.js', null, null, 'pmkpi', 'gov.mof.fasp2.pmkpi.perfprogram.report.TlpProgramPage', 'editindex', '{main:[tabpage,toolbutton,editform,mxdatatable]}', null, null, 0);

delete from Bus_t_Pageconsolecomconfig t where t.url='/pmkpi/program/report/edit';
insert into Bus_t_Pageconsolecomconfig (URL, COMPONENTID, CONFIG, ID, APPID, REGION)
values ('/pmkpi/program/report/edit', 'pmkpi_tlprogramedit', '{}', 'pmkpitlprogramedit', 'pmkpi', null);

insert into Bus_t_Pageconsolecomconfig (URL, COMPONENTID, CONFIG, ID, APPID, REGION)
values ('/pmkpi/program/report/edit', 'bustabpage', '{}', 'tabpage', 'pmkpi', null);

insert into Bus_t_Pageconsolecomconfig (URL, COMPONENTID, CONFIG, ID, APPID, REGION)
values ('/pmkpi/program/report/edit', 'bustoolbutton', '{}', 'toolbutton', 'pmkpi', null);

insert into Bus_t_Pageconsolecomconfig (URL, COMPONENTID, CONFIG, ID, APPID, REGION)
values ('/pmkpi/program/report/edit', 'busuidatatable', '{key:''/pmkpi/program/report/mxdatatable'',headsort:false,addrow:true,name:''‘§пњљпњљ÷ІпњљпњљпњљпњљѕЄ'',edit:true,checkbox:true,title:''‘§пњљпњљ÷ІпњљпњљпњљпњљѕЄ''}', 'mxdatatable', 'pmkpi', null);

insert into Bus_t_Pageconsolecomconfig (URL, COMPONENTID, CONFIG, ID, APPID, REGION)
values ('/pmkpi/program/report/edit', 'buseditform', '{title:''пњљпњљпњљпњљпњљпњљѕҐ'',tablecode:''v_perf_project_info'',iswf:''true''}', 'editform', 'pmkpi', null);

delete from Bus_t_Pagecomponent t where t.id='pmkpi_tlprogramedit';
insert into Bus_t_Pagecomponent (ID, NAME, TYPE, REMARK, JSLIB, JSOBJECTNAME, APPID, SERVICE)
values ('pmkpi_tlprogramedit', 'пњљпњљƒњпњљпњљѕҐпњљаЉ≠', null, 'пњљпњљƒњпњљпњљѕҐпњљаЉ≠', '/busfw/ltext/swfupload/jslib/fupload.js,/busfw/ltext/componentview/ltext_fileupload.js,/busfw/common/ui/ui_uploadfiles.js,/busfw/ltext/fuds-download.js,/busfw/ltext/fuds-upload.js,/pmkpi/common/fileupload.js,/pmkpi/perfprogram/report/proreportedit.js', 'Ext.lt.pmkpi.perfprogram.editservice', 'pmkpi', 'pmkpi.perfprogram.TlpProgramEdit');

--пњљпњљƒњпњљпњљ–Іƒњпњљпњљпњљо±®пњљпњљпњљпњљ»Љпњљ–Іƒњпњљпњљ
delete from Bus_t_Pageconsole t where t.url='/pmkpi/program/report/proindex';
insert into Bus_t_Pageconsole (URL, TEMPLATE, PAGE, JSLIB, CSSLIB, OBJLIB, APPID, CONSOLESERVICE, METHOD, CONFIG, SUPCONSOLE, REGION, ISEXPAND)
values ('/pmkpi/program/report/proindex', 'template8', '/pmkpi/common/template/template_defautl.jsp', '/pmkpi/common/template/template_default.js', null, null, 'pmkpi', 'gov.mof.fasp2.pmkpi.perfprogram.prjindex.PrjIndexPage', 'listpage', '{main:[editform,toolbutton,indexdatatable]}', null, null, 0);

delete from Bus_t_Pageconsolecomconfig t where t.url='/pmkpi/program/report/proindex';
insert into Bus_t_Pageconsolecomconfig (URL, COMPONENTID, CONFIG, ID, APPID, REGION)
values ('/pmkpi/program/report/proindex', 'pmkpi_tlproindex', '{}', 'pmkpitlproindex', 'pmkpi', null);

insert into Bus_t_Pageconsolecomconfig (URL, COMPONENTID, CONFIG, ID, APPID, REGION)
values ('/pmkpi/program/report/proindex', 'busuidatatable', '{headsort:false,addrow:false,nogroupbox:false,name:''пњљпњљ»Љпњљ–І÷Єпњљпњљ'',edit:true,checkbox:false,radio:true,title:''пњљпњљ»Љпњљ–І÷Єпњљпњљ'',indextable:''v_pm_perf_indicator'',nextSibling:false,nogroupbox:true}', 'indexdatatable', 'pmkpi', null);

insert into Bus_t_Pageconsolecomconfig (URL, COMPONENTID, CONFIG, ID, APPID, REGION)
values ('/pmkpi/program/report/proindex', 'bustoolbutton', '{}', 'toolbutton', 'pmkpi', null);

insert into bus_t_pageconsolecomconfig (URL, COMPONENTID, CONFIG, ID, APPID, REGION)
values ('/pmkpi/program/report/proindex', 'buseditform', '{}', 'editform', 'pmkpi', null);

delete from Bus_t_Pagecomponent t where t.id='pmkpi_tlproindex';
insert into Bus_t_Pagecomponent (ID, NAME, TYPE, REMARK, JSLIB, JSOBJECTNAME, APPID, SERVICE)
values ('pmkpi_tlproindex', 'пњљпњљƒњпњљпњљпњљ÷Єпњљпњљ', null, 'пњљпњљƒњпњљпњљпњљ÷Єпњљпњљ', '/pmkpi/perfprogram/prjindex/prjindex.js', 'Ext.lt.pmkpi.prjindexservice', 'pmkpi', 'pmkpi.prjindex.PrjIndexService');

--пњљпњљƒњпњљпњљ–Іƒњпњљпњљпњљо±®пњљпњљпњљпњљ»Љпњљ–Іƒњпњљпњљ  пњљпњљ„Љпњљ∆Љпњљ
delete from Bus_t_Pageconsole t where t.url='/pmkpi/program/prjindex/recomindex';
insert into Bus_t_Pageconsole (URL, TEMPLATE, PAGE, JSLIB, CSSLIB, OBJLIB, APPID, CONSOLESERVICE, METHOD, CONFIG, SUPCONSOLE, REGION, ISEXPAND)
values ('/pmkpi/program/prjindex/recomindex', 'template8', '/pmkpi/common/template/template_defautl.jsp', '/pmkpi/common/template/template_default.js', null, null, 'pmkpi', 'gov.mof.fasp2.pmkpi.perfprogram.prjindex.PrjIndexPage', 'cmpage', '{header:[toolbutton,queryform,tab],main:[recomtable]}', null, null, 0);

delete from Bus_t_Pageconsolecomconfig t where t.url='/pmkpi/program/prjindex/recomindex';
insert into Bus_t_Pageconsolecomconfig (URL, COMPONENTID, CONFIG, ID, APPID, REGION)
values ('/pmkpi/program/prjindex/recomindex', 'pmkpi_recomindex', '{headsort:false,addrow:false,name:''пњљпњљ–І÷Єпњљпњљ'',edit:true,checkbox:true,title:''пњљпњљ–І÷Єпњљпњљ'',nogroupbox:true}', 'pmkpirecomindex', 'pmkpi', null);

insert into Bus_t_Pageconsolecomconfig (URL, COMPONENTID, CONFIG, ID, APPID, REGION)
values ('/pmkpi/program/prjindex/recomindex', 'busuidatatable', '{}', 'recomtable', 'pmkpi', null);

insert into Bus_t_Pageconsolecomconfig (URL, COMPONENTID, CONFIG, ID, APPID, REGION)
values ('/pmkpi/program/prjindex/recomindex', 'buslefttree', '{}', 'lefttree', 'pmkpi', null);

insert into Bus_t_Pageconsolecomconfig (URL, COMPONENTID, CONFIG, ID, APPID, REGION)
values ('/pmkpi/program/prjindex/recomindex', 'bustabpage', '{}', 'tab', 'pmkpi', null);

insert into Bus_t_Pageconsolecomconfig (URL, COMPONENTID, CONFIG, ID, APPID, REGION)
values ('/pmkpi/program/prjindex/recomindex', 'busqueryform', '{}', 'queryform', 'pmkpi', null);

insert into Bus_t_Pageconsolecomconfig (URL, COMPONENTID, CONFIG, ID, APPID, REGION)
values ('/pmkpi/program/prjindex/recomindex', 'bustoolbutton', '{}', 'toolbutton', 'pmkpi', null);

delete from Bus_t_Pagecomponent t where t.id='pmkpi_recomindex';
insert into Bus_t_Pagecomponent (ID, NAME, TYPE, REMARK, JSLIB, JSOBJECTNAME, APPID, SERVICE)
values ('pmkpi_recomindex', 'пњљпњљ„Љпњљ∆Љпњљ', null, 'пњљпњљ„Љпњљ∆Љпњљ', '/pmkpi/perfprogram/prjindex/recoindex.js', 'Ext.lt.pmkpi.recomindexservice', 'pmkpi', 'pmkpi.prjindex.RecomIndexService');

--пњљпњљƒњпњљпњљ–Іƒњпњљпњљпњљо±®пњљпњљпњљпњљ»Љпњљ–Іƒњпњљпњљ  пњљпњљ—°÷Єпњљпњљ
delete from Bus_t_Pageconsole t where t.url='/pmkpi/program/prjindex/pickindex';
insert into Bus_t_Pageconsole (URL, TEMPLATE, PAGE, JSLIB, CSSLIB, OBJLIB, APPID, CONSOLESERVICE, METHOD, CONFIG, SUPCONSOLE, REGION, ISEXPAND)
values ('/pmkpi/program/prjindex/pickindex', 'template8', '/pmkpi/common/template/template_defautl.jsp', '/pmkpi/common/template/template_default.js', null, null, 'pmkpi', 'gov.mof.fasp2.pmkpi.perfprogram.prjindex.PrjIndexPage', 'pickpage', '{main:[toolbutton,queryform,picktable]}', null, null, 0);

delete from Bus_t_Pageconsolecomconfig t where t.url='/pmkpi/program/prjindex/pickindex';

insert into Bus_t_Pageconsolecomconfig (URL, COMPONENTID, CONFIG, ID, APPID, REGION)
values ('/pmkpi/program/prjindex/pickindex', 'pmkpi_editindex', '{}', 'pmkpieditindex', 'pmkpi', null);

insert into Bus_t_Pageconsolecomconfig (URL, COMPONENTID, CONFIG, ID, APPID, REGION)
values ('/pmkpi/program/prjindex/pickindex', 'busqueryform', '{}', 'queryform', 'pmkpi', null);

insert into Bus_t_Pageconsolecomconfig (URL, COMPONENTID, CONFIG, ID, APPID, REGION)
values ('/pmkpi/program/prjindex/pickindex', 'bustoolbutton', '{}', 'toolbutton', 'pmkpi', null);

insert into Bus_t_Pageconsolecomconfig (URL, COMPONENTID, CONFIG, ID, APPID, REGION)
values ('/pmkpi/program/prjindex/pickindex', 'pmkpi_pickindex', '{}', 'pmkpipickindex', 'pmkpi', null);

insert into Bus_t_Pageconsolecomconfig (URL, COMPONENTID, CONFIG, ID, APPID, REGION)
values ('/pmkpi/program/prjindex/pickindex', 'busuidatatable', '{addrow:false,nogroupbox:false,name:''пњљпњљ–І÷Єпњљпњљ'',edit:false,checkbox:false,checkbox:true,title:''пњљпњљ–І÷Єпњљпњљ'',nextSibling:false}', 'picktable', 'pmkpi', null);


delete from Bus_t_Pagecomponent t where t.id='pmkpi_pickindex';
insert into Bus_t_Pagecomponent (ID, NAME, TYPE, REMARK, JSLIB, JSOBJECTNAME, APPID, SERVICE)
values ('pmkpi_pickindex', 'пњљпњљ—°÷Єпњљпњљ', null, 'пњљпњљ—°÷Єпњљпњљ', '/pmkpi/perfprogram/prjindex/pickindex.js', 'Ext.lt.pmkpi.pickindexservice', 'pmkpi', 'pmkpi.prjindex.IndexPickService');


--пњљпњљƒњпњљпњљ–Іƒњпњљпњљпњљо±®пњљпњљпњљпњљ»Љпњљ–Іƒњпњљпњљ  пњљёЄпњљ÷Єпњљпњљ
delete from Bus_t_Pageconsole t where t.url='/pmkpi/program/prjindex/editindex';
insert into Bus_t_Pageconsole (URL, TEMPLATE, PAGE, JSLIB, CSSLIB, OBJLIB, APPID, CONSOLESERVICE, METHOD, CONFIG, SUPCONSOLE, REGION, ISEXPAND)
values ('/pmkpi/program/prjindex/editindex', 'template8', '/pmkpi/common/template/template_defautl.jsp', '/pmkpi/common/template/template_default.js', null, null, 'pmkpi', 'gov.mof.fasp2.pmkpi.perfprogram.prjindex.PrjIndexPage', 'editpage', '{main:[indexform],footer:[indexeditbtn]}', null, null, 0);

delete from Bus_t_Pageconsolecomconfig t where t.url='/pmkpi/program/prjindex/editindex';
insert into Bus_t_Pageconsolecomconfig (URL, COMPONENTID, CONFIG, ID, APPID, REGION)
values ('/pmkpi/program/prjindex/editindex', 'pmkpi_editindex', '{}', 'pmkpieditindex', 'pmkpi', null);

insert into Bus_t_Pageconsolecomconfig (URL, COMPONENTID, CONFIG, ID, APPID, REGION)
values ('/pmkpi/program/prjindex/editindex', 'bustoolbutton', '{}', 'indexeditbtn', 'pmkpi', null);

insert into Bus_t_Pageconsolecomconfig (URL, COMPONENTID, CONFIG, ID, APPID, REGION)
values ('/pmkpi/program/prjindex/editindex', 'buseditform', '{name:''пњљаЉ≠пњљпњљ'',columnsize:2,amtflag:2}', 'indexform', 'pmkpi', null);

delete from Bus_t_Pagecomponent t where t.id='pmkpi_editindex';
insert into Bus_t_Pagecomponent (ID, NAME, TYPE, REMARK, JSLIB, JSOBJECTNAME, APPID, SERVICE)
values ('pmkpi_editindex', 'пњљаЉ≠÷Єпњљпњљ', null, 'пњљаЉ≠÷Єпњљпњљ', '/pmkpi/perfprogram/prjindex/indexedit.js', 'Ext.lt.pmkpi.indexedit', 'pmkpi', 'pmkpi.prjindex.IndexEditService');
