i number;
begin
  SELECT count(*) into i FROM bus_t_Diccolumn t where t.columncode in ('ENDVALTYPE') and t.tablecode = 'BAS_PERF_INDICATOR';
  if i=0 then
     execute immediate 'insert into bus_t_Diccolumn (DEID, CSID, EXP, ISSYS, DBCOLUMNCODE, ISUSES, YEAR, PROVINCE, COLUMNID, COLUMNCODE, TABLECODE, NAME, DATATYPE, DATALENGTH, SCALE, VERSION, NULLABLE, DEFAULTVALUE)
values (null, ''PERFENDVALTYPE'', null, ''1'', ''ENDVALTYPE'', ''1'', ''2016'', ''87'', ''DD0E65893A3B3B87E0533315A8C02648'', ''ENDVALTYPE'', ''BAS_PERF_INDICATOR'', ''供냥令혤令렘駕'', ''S'', ''40'', null, 1, 1, null)';
  end if;
  SELECT count(*) into i FROM bus_t_Diccolumn t where t.columncode in ('ENDVALSOURCE') and t.tablecode = 'BAS_PERF_INDICATOR';
  if i=0 then
     execute immediate 'insert into bus_t_Diccolumn (DEID, CSID, EXP, ISSYS, DBCOLUMNCODE, ISUSES, YEAR, PROVINCE, COLUMNID, COLUMNCODE, TABLECODE, NAME, DATATYPE, DATALENGTH, SCALE, VERSION, NULLABLE, DEFAULTVALUE)
     values (null, ''PERFENDVALSOURCE'', null, ''1'', ''ENDVALSOURCE'', ''1'', ''2016'', ''87'', ''DD0E65893A3C3B87E0533315A8C02648'', ''ENDVALSOURCE'', ''BAS_PERF_INDICATOR'', ''寧깃供냥令鑒앴윱都'', ''S'', ''40'', null, 1, 1, null)';
  end if;
  SELECT count(*) into i FROM bus_t_Diccolumn t where t.columncode in ('VALRULE') and t.tablecode = 'BAS_PERF_INDICATOR';
  if i=0 then
     execute immediate 'insert into bus_t_Diccolumn (DEID, CSID, EXP, ISSYS, DBCOLUMNCODE, ISUSES, YEAR, PROVINCE, COLUMNID, COLUMNCODE, TABLECODE, NAME, DATATYPE, DATALENGTH, SCALE, VERSION, NULLABLE, DEFAULTVALUE)
values (null, ''PERFVALRULE'', null, ''1'', ''VALRULE'', ''1'', ''2016'', ''87'', ''DD0E65893A3D3B87E0533315A8C02648'', ''VALRULE'', ''BAS_PERF_INDICATOR'', ''립令방橙'', ''S'', ''40'', null, 1, 1, null)';
  end if;
  SELECT count(*) into i FROM bus_t_Diccolumn t where t.columncode in ('EVIDENCEFILE') and t.tablecode = 'BAS_PERF_INDICATOR';
  if i=0 then
     execute immediate 'insert into bus_t_Diccolumn (DEID, CSID, EXP, ISSYS, DBCOLUMNCODE, ISUSES, YEAR, PROVINCE, COLUMNID, COLUMNCODE, TABLECODE, NAME, DATATYPE, DATALENGTH, SCALE, VERSION, NULLABLE, DEFAULTVALUE)
values (null, ''PERFEVIDENCEFILE'', null, ''1'', ''EVIDENCEFILE'', ''1'', ''2016'', ''87'', ''DD0E65893A3E3B87E0533315A8C02648'', ''EVIDENCEFILE'', ''BAS_PERF_INDICATOR'', ''藺聯栗죕狼헹'', ''S'', ''40'', null, 1, 1, null)';
  end if;
  SELECT count(*) into i FROM bus_t_Diccolumn t where t.columncode in ('ISSTANDPUSH') and t.tablecode = 'BAS_PERF_INDICATOR';
  if i=0 then
     execute immediate 'insert into bus_t_Diccolumn (DEID, CSID, EXP, ISSYS, DBCOLUMNCODE, ISUSES, YEAR, PROVINCE, COLUMNID, COLUMNCODE, TABLECODE, NAME, DATATYPE, DATALENGTH, SCALE, VERSION, NULLABLE, DEFAULTVALUE)
values (null, ''VD00001'', null, ''1'', ''ISSTANDPUSH'', ''1'', ''2016'', ''87'', ''DD0E65893A3F3B87E0533315A8C02648'', ''ISSTANDPUSH'', ''BAS_PERF_INDICATOR'', ''角뤠槨깃硫뺏묏鱗莉랙꼈'', ''S'', ''40'', null, 1, 1, null)';
  end if;
  SELECT count(*) into i FROM bus_t_Diccolumn t where t.columncode in ('COMPUTETYPE') and t.tablecode = 'BAS_PERF_INDICATOR';
  if i=0 then
     execute immediate 'insert into bus_t_Diccolumn (DEID, CSID, EXP, ISSYS, DBCOLUMNCODE, ISUSES, YEAR, PROVINCE, COLUMNID, COLUMNCODE, TABLECODE, NAME, DATATYPE, DATALENGTH, SCALE, VERSION, NULLABLE, DEFAULTVALUE)
     values (null, null, null, ''1'', ''COMPUTETYPE'', ''1'', ''2016'', ''87'', ''DD0E65893A3G3B87E0533315A8C02648'', ''COMPUTETYPE'', ''BAS_PERF_INDICATOR'', ''셕炬렘駕'', ''S'', ''2000'', null, 1, 1, null)';
  end if;
  SELECT count(*) into i FROM bus_t_Diccolumn t where t.columncode in ('REMARK') and t.tablecode = 'BAS_PERF_INDICATOR';
  if i=0 then
     execute immediate 'insert into bus_t_Diccolumn (DEID, CSID, EXP, ISSYS, DBCOLUMNCODE, ISUSES, YEAR, PROVINCE, COLUMNID, COLUMNCODE, TABLECODE, NAME, DATATYPE, DATALENGTH, SCALE, VERSION, NULLABLE, DEFAULTVALUE)
values (null, null, null, ''1'', ''REMARK'', ''1'', ''2016'', ''87'', ''DD0E65893A3H3B87E0533315A8C02648'', ''REMARK'', ''BAS_PERF_INDICATOR'', ''구鬧'', ''S'', ''2000'', null, 1, 1, null)';
  end if;
  
  Delete FROM Fasp_t_Dicdssource t where t.appid = 'pmkpi' and t.guid in ('PERFENDVALSOURCE','PERFENDVALTYPE','PERFEVIDENCEFILE','PERFVALRULE');
  insert into Fasp_t_Dicdssource (GUID, CODE, ELEMENTCODE, NAME, STATUS, CREATETIME, STARTTIME, ENDTIME, YEAR, PROVINCE, CRC, TYPEGUID, SHOWSTRUCT, SOURCETYPE, DATASOURCE, DBVERSION, VERSION, APPID)
  values ('PERFENDVALSOURCE', 'PERFENDVALSOURCE', 'PERFENDVALSOURCE', '寧깃供냥令鑒앴윱都', '1', '20140422000000000', '20140422000000000', null, '2020', '87', null, null, '1', '2', 'select * from v_perf_enum where elementcode = ''PERFENDVALSOURCE''', sysdate, 1, 'pmkpi');

  insert into Fasp_t_Dicdssource (GUID, CODE, ELEMENTCODE, NAME, STATUS, CREATETIME, STARTTIME, ENDTIME, YEAR, PROVINCE, CRC, TYPEGUID, SHOWSTRUCT, SOURCETYPE, DATASOURCE, DBVERSION, VERSION, APPID)
  values ('PERFENDVALTYPE', 'PERFENDVALTYPE', 'PERFENDVALTYPE', '供냥令혤令렘駕', '1', '20140422000000000', '20140422000000000', null, '2020', '87', null, null, '1', '2', 'select * from v_perf_enum where elementcode = ''PERFENDVALTYPE''', sysdate, 1, 'pmkpi');

  insert into Fasp_t_Dicdssource (GUID, CODE, ELEMENTCODE, NAME, STATUS, CREATETIME, STARTTIME, ENDTIME, YEAR, PROVINCE, CRC, TYPEGUID, SHOWSTRUCT, SOURCETYPE, DATASOURCE, DBVERSION, VERSION, APPID)
  values ('PERFEVIDENCEFILE', 'PERFEVIDENCEFILE', 'PERFEVIDENCEFILE', '藺聯栗죕狼헹', '1', '20140422000000000', '20140422000000000', null, '2020', '87', null, null, '1', '2', 'select * from v_perf_enum where elementcode = ''PERFEVIDENCEFILE''', sysdate, 1, 'pmkpi');

  insert into Fasp_t_Dicdssource (GUID, CODE, ELEMENTCODE, NAME, STATUS, CREATETIME, STARTTIME, ENDTIME, YEAR, PROVINCE, CRC, TYPEGUID, SHOWSTRUCT, SOURCETYPE, DATASOURCE, DBVERSION, VERSION, APPID)
  values ('PERFVALRULE', 'PERFVALRULE', 'PERFVALRULE', '립令방橙', '1', '20140422000000000', '20140422000000000', null, '2020', '87', null, null, '1', '2', 'select * from v_perf_enum where elementcode = ''PERFVALRULE''', sysdate, 1, 'pmkpi');

  delete FROM perf_enum t where t.elementcode in ('PERFENDVALSOURCE','PERFENDVALTYPE','PERFEVIDENCEFILE','PERFVALRULE');
  insert into perf_enum (GUID, CODE, ELEMENTCODE, NAME, STATUS, CREATETIME, UPDATETIME, YEAR, PROVINCE, VERSION, APPID, SUPERID, LEVELNO, ISLEAF, REMARK, CREATER, ORDERNUM)
  values ('PERFENDVALSOURCE7', '7', 'PERFENDVALSOURCE', '첵竟對쬠', '1', '20210118162733', '20210118162733', '2016', '87', 1, 'pmkpi', '#', 1, 1, null, null, 7);

  insert into perf_enum (GUID, CODE, ELEMENTCODE, NAME, STATUS, CREATETIME, UPDATETIME, YEAR, PROVINCE, VERSION, APPID, SUPERID, LEVELNO, ISLEAF, REMARK, CREATER, ORDERNUM)
  values ('PERFENDVALSOURCE6', '6', 'PERFENDVALSOURCE', '狂얩딧꿴괩멩', '1', '20210118162733', '20210118162733', '2016', '87', 1, 'pmkpi', '#', 1, 1, null, null, 6);

  insert into perf_enum (GUID, CODE, ELEMENTCODE, NAME, STATUS, CREATETIME, UPDATETIME, YEAR, PROVINCE, VERSION, APPID, SUPERID, LEVELNO, ISLEAF, REMARK, CREATER, ORDERNUM)
  values ('PERFENDVALSOURCE5', '5', 'PERFENDVALSOURCE', '꼬쳔撚蛟팀털', '1', '20210118162733', '20210118162733', '2016', '87', 1, 'pmkpi', '#', 1, 1, null, null, 5);

  insert into perf_enum (GUID, CODE, ELEMENTCODE, NAME, STATUS, CREATETIME, UPDATETIME, YEAR, PROVINCE, VERSION, APPID, SUPERID, LEVELNO, ISLEAF, REMARK, CREATER, ORDERNUM)
  values ('PERFENDVALSOURCE4', '4', 'PERFENDVALSOURCE', '꼬쳔撚蛟固셕', '1', '20210118162733', '20210118162733', '2016', '87', 1, 'pmkpi', '#', 1, 1, null, null, 4);

  insert into perf_enum (GUID, CODE, ELEMENTCODE, NAME, STATUS, CREATETIME, UPDATETIME, YEAR, PROVINCE, VERSION, APPID, SUPERID, LEVELNO, ISLEAF, REMARK, CREATER, ORDERNUM)
  values ('PERFENDVALSOURCE8', '8', 'PERFENDVALSOURCE', '페儉鑒앴윱都', '1', '20210118162733', '20210118162733', '2016', '87', 1, 'pmkpi', '#', 1, 1, null, null, 8);

  insert into perf_enum (GUID, CODE, ELEMENTCODE, NAME, STATUS, CREATETIME, UPDATETIME, YEAR, PROVINCE, VERSION, APPID, SUPERID, LEVELNO, ISLEAF, REMARK, CREATER, ORDERNUM)
  values ('PERFENDVALSOURCE1', '1', 'PERFENDVALSOURCE', '固셕꼬쳔固셕鑒앴', '1', '20210118162733', '20210118162733', '2016', '87', 1, 'pmkpi', '#', 1, 1, null, null, 1);

  insert into perf_enum (GUID, CODE, ELEMENTCODE, NAME, STATUS, CREATETIME, UPDATETIME, YEAR, PROVINCE, VERSION, APPID, SUPERID, LEVELNO, ISLEAF, REMARK, CREATER, ORDERNUM)
  values ('PERFENDVALSOURCE2', '2', 'PERFENDVALSOURCE', '홈瓜샙뭐딧꿴（固셕）', '1', '20210118162733', '20210118162733', '2016', '87', 1, 'pmkpi', '#', 1, 1, null, null, 2);

  insert into perf_enum (GUID, CODE, ELEMENTCODE, NAME, STATUS, CREATETIME, UPDATETIME, YEAR, PROVINCE, VERSION, APPID, SUPERID, LEVELNO, ISLEAF, REMARK, CREATER, ORDERNUM)
  values ('PERFENDVALSOURCE3', '3', 'PERFENDVALSOURCE', '꼬쳔固셕쾨순', '1', '20210118162733', '20210118162733', '2016', '87', 1, 'pmkpi', '#', 1, 1, null, null, 3);

  insert into perf_enum (GUID, CODE, ELEMENTCODE, NAME, STATUS, CREATETIME, UPDATETIME, YEAR, PROVINCE, VERSION, APPID, SUPERID, LEVELNO, ISLEAF, REMARK, CREATER, ORDERNUM)
  values ('PERFENDVALTYPE5', '5', 'PERFENDVALTYPE', '혈覺털뙤랬', '1', '20210118162733', '20210118162733', '2016', '87', 1, 'pmkpi', '#', 1, 1, null, null, 5);

  insert into perf_enum (GUID, CODE, ELEMENTCODE, NAME, STATUS, CREATETIME, UPDATETIME, YEAR, PROVINCE, VERSION, APPID, SUPERID, LEVELNO, ISLEAF, REMARK, CREATER, ORDERNUM)
  values ('PERFENDVALTYPE4', '4', 'PERFENDVALTYPE', '狂얩딧꿴랬', '1', '20210118162733', '20210118162733', '2016', '87', 1, 'pmkpi', '#', 1, 1, null, null, 4);

  insert into perf_enum (GUID, CODE, ELEMENTCODE, NAME, STATUS, CREATETIME, UPDATETIME, YEAR, PROVINCE, VERSION, APPID, SUPERID, LEVELNO, ISLEAF, REMARK, CREATER, ORDERNUM)
  values ('PERFENDVALTYPE3', '3', 'PERFENDVALTYPE', '헙워綱츠랬', '1', '20210118162733', '20210118162733', '2016', '87', 1, 'pmkpi', '#', 1, 1, null, null, 3);

  insert into perf_enum (GUID, CODE, ELEMENTCODE, NAME, STATUS, CREATETIME, UPDATETIME, YEAR, PROVINCE, VERSION, APPID, SUPERID, LEVELNO, ISLEAF, REMARK, CREATER, ORDERNUM)
  values ('PERFENDVALTYPE1', '1', 'PERFENDVALTYPE', '殮쌈聯츠랬', '1', '20210118162733', '20210118162733', '2016', '87', 1, 'pmkpi', '#', 1, 1, null, null, 1);

  insert into perf_enum (GUID, CODE, ELEMENTCODE, NAME, STATUS, CREATETIME, UPDATETIME, YEAR, PROVINCE, VERSION, APPID, SUPERID, LEVELNO, ISLEAF, REMARK, CREATER, ORDERNUM)
  values ('PERFENDVALTYPE2', '2', 'PERFENDVALTYPE', '헙워固셕랬', '1', '20210118162733', '20210118162733', '2016', '87', 1, 'pmkpi', '#', 1, 1, null, null, 2);

  insert into perf_enum (GUID, CODE, ELEMENTCODE, NAME, STATUS, CREATETIME, UPDATETIME, YEAR, PROVINCE, VERSION, APPID, SUPERID, LEVELNO, ISLEAF, REMARK, CREATER, ORDERNUM)
  values ('PERFEVIDENCEFILE1', '1', 'PERFEVIDENCEFILE', '攣駕栗죕', '1', '20210118162733', '20210118162733', '2016', '87', 1, 'pmkpi', '#', 1, 1, null, null, 1);

  insert into perf_enum (GUID, CODE, ELEMENTCODE, NAME, STATUS, CREATETIME, UPDATETIME, YEAR, PROVINCE, VERSION, APPID, SUPERID, LEVELNO, ISLEAF, REMARK, CREATER, ORDERNUM)
  values ('PERFEVIDENCEFILE2', '2', 'PERFEVIDENCEFILE', '묏鱗栗죕', '1', '20210118162733', '20210118162733', '2016', '87', 1, 'pmkpi', '#', 1, 1, null, null, 2);

  insert into perf_enum (GUID, CODE, ELEMENTCODE, NAME, STATUS, CREATETIME, UPDATETIME, YEAR, PROVINCE, VERSION, APPID, SUPERID, LEVELNO, ISLEAF, REMARK, CREATER, ORDERNUM)
  values ('PERFEVIDENCEFILE3', '3', 'PERFEVIDENCEFILE', '覩迦틴聯', '1', '20210118162733', '20210118162733', '2016', '87', 1, 'pmkpi', '#', 1, 1, null, null, 3);

  insert into perf_enum (GUID, CODE, ELEMENTCODE, NAME, STATUS, CREATETIME, UPDATETIME, YEAR, PROVINCE, VERSION, APPID, SUPERID, LEVELNO, ISLEAF, REMARK, CREATER, ORDERNUM)
  values ('PERFEVIDENCEFILE4', '4', 'PERFEVIDENCEFILE', '綱츠꼼죕', '1', '20210118162733', '20210118162733', '2016', '87', 1, 'pmkpi', '#', 1, 1, null, null, 4);

  insert into perf_enum (GUID, CODE, ELEMENTCODE, NAME, STATUS, CREATETIME, UPDATETIME, YEAR, PROVINCE, VERSION, APPID, SUPERID, LEVELNO, ISLEAF, REMARK, CREATER, ORDERNUM)
  values ('PERFVALRULE1', '1', 'PERFVALRULE', '攣蕨땍좆寧깃（◎、＞、=）：커깃供냥쪽＞130%，돤롸=[1-（供냥쪽-130%）≠0.59]≠홈路롸;100%●커깃供냥쪽●130%，돤찮롸；커깃供냥쪽＜100%，돤롸=커깃供냥쪽≠寧깃홈路롸 커깃供냥쪽=（茄셥供냥令/커깃令）≠100%', '1', '20210118162733', '20210118162733', '2016', '87', 1, 'pmkpi', '#', 1, 1, null, null, 1);

  insert into perf_enum (GUID, CODE, ELEMENTCODE, NAME, STATUS, CREATETIME, UPDATETIME, YEAR, PROVINCE, VERSION, APPID, SUPERID, LEVELNO, ISLEAF, REMARK, CREATER, ORDERNUM)
  values ('PERFVALRULE2', '2', 'PERFVALRULE', '럽蕨땍좆寧깃（●、＜）：커깃供냥쪽◎100%，돤찮롸；50%●커깃供냥쪽●100%，돤롸=[1-（茄셥供냥令-커깃令）/커깃令]≠寧깃홈路롸;커깃供냥쪽＜50%，꼇돤롸 커깃供냥쪽=（커깃令/茄셥供냥令）≠100%', '1', '20210118162733', '20210118162733', '2016', '87', 1, 'pmkpi', '#', 1, 1, null, null, 2);

  insert into perf_enum (GUID, CODE, ELEMENTCODE, NAME, STATUS, CREATETIME, UPDATETIME, YEAR, PROVINCE, VERSION, APPID, SUPERID, LEVELNO, ISLEAF, REMARK, CREATER, ORDERNUM)
  values ('PERFVALRULE3', '3', 'PERFVALRULE', '땍昑寧깃：몽앴커깃供냥헙워，와밖팀털커깃供냥도늴（롸槨샘굶댐냥커깃、꼬롸茄君커깃、茄君커깃넋똑싹됴힛몸도늴），깻롸깎객亮100%-80%（벵）、80%-60%（벵）、60%-0%북잿횅땍供냥궐절，돤롸=供냥궐절≠寧깃홈路롸', '1', '20210118162733', '20210118162733', '2016', '87', 1, 'pmkpi', '#', 1, 1, null, null, 3);
