begin

--ฦภษ๓ฤฃฐๅลไึร03 
--1.bus_t_pageconsolecomconfig
delete from bus_t_pageconsolecomconfig where url  = '/pmkpi/setting/reviewset';
insert into bus_t_pageconsolecomconfig (URL, COMPONENTID, CONFIG, ID, APPID, REGION)
values ('/pmkpi/setting/reviewset', 'pmkpi_perfdataset', '{}', 'perfdataset', 'pmkpi', null);

insert into bus_t_pageconsolecomconfig (URL, COMPONENTID, CONFIG, ID, APPID, REGION)
values ('/pmkpi/setting/reviewset', 'busuidatatable', '{name:''ฦภษ๓ฤฃฐๅลไึร'',checkbox:true,title:''ฦภษ๓ฤฃฐๅลไึร'',viewtabcode:''V_PERF_T_REVIEWTEMP'',edit:true,addrow:true,delcols:[''guid'',''province'',''year''],updatecols:[''guid'',''province'',''year'']}', 'datatable', 'pmkpi', null);

insert into bus_t_pageconsolecomconfig (URL, COMPONENTID, CONFIG, ID, APPID, REGION)
values ('/pmkpi/setting/reviewset', 'header', '{}', 'header', 'pmkpi', null);

insert into bus_t_pageconsolecomconfig (URL, COMPONENTID, CONFIG, ID, APPID, REGION)
values ('/pmkpi/setting/reviewset', 'bustoolbutton', '{}', 'toolbutton', 'pmkpi', null);

insert into bus_t_pageconsolecomconfig (URL, COMPONENTID, CONFIG, ID, APPID, REGION)
values ('/pmkpi/setting/reviewset', 'busqueryform', '{name:''ฒ้ัฏว๘'',fastquery:true,datatable:''PERF_T_REVIEWTEMP'',drawmode:''div'',label:''ฟ์หูฒ้ัฏ'',labelwidth:''120''}', 'queryform', 'pmkpi', null);

--2.bus_t_pageconsole
delete from bus_t_pageconsole  where url = '/pmkpi/setting/reviewset'; 
insert into bus_t_pageconsole (URL, TEMPLATE, PAGE, JSLIB, CSSLIB, OBJLIB, APPID, CONSOLESERVICE, METHOD, CONFIG, SUPCONSOLE, REGION, ISEXPAND)
values ('/pmkpi/setting/reviewset', 'template8', '/pmkpi/common/template/template_defautl.jsp', '/pmkpi/common/template/template_default.js', null, null, 'pmkpi', 'gov.mof.fasp2.pmkpi.setting.dataset.PerfDataSetPage', 'index', '{header:[header],main:[toolbutton,datatable]}', null, null, 0);

--1-4.าปผถฯ๎ฤฟ-ลไึร
delete from bus_t_pagecomponent where id  = 'pmkpi_firstprogram';
insert into bus_t_pagecomponent (ID, NAME, TYPE, REMARK, JSLIB, JSOBJECTNAME, APPID, SERVICE)
values ('pmkpi_firstprogram', 'ฯ๎ฤฟผจะงฒ้ัฏ', null, 'ฯ๎ฤฟผจะงฒ้ัฏ', '/pmkpi/perfQuery/firstPro/firstproquery.js', 'Ext.lt.pmkpi.perfquery.firstqueryservice', 'pmkpi', 'pmkpi.perfQuery.FirstProgramQueryService');

delete from bus_t_pageconsolecomconfig where url ='/pmkpi/firstprogram/query/list';
insert into bus_t_pageconsolecomconfig (URL, COMPONENTID, CONFIG, ID, APPID, REGION)
values ('/pmkpi/firstprogram/query/list', 'pmkpi_firstprogram', '{}', 'firstprogram', 'pmkpi', null);

insert into bus_t_pageconsolecomconfig (URL, COMPONENTID, CONFIG, ID, APPID, REGION)
values ('/pmkpi/firstprogram/query/list', 'busuidatatable', '{name:''ฯ๎ฤฟผจะง'',checkbox:true,title:''ฯ๎ฤฟผจะง'',edit:false,addrow:false,uikey:''/pmkpi/program/report/edit''}', 'datatable', 'pmkpi', null);

insert into bus_t_pageconsolecomconfig (URL, COMPONENTID, CONFIG, ID, APPID, REGION)
values ('/pmkpi/firstprogram/query/list', 'bustoolbutton', '{}', 'toolbutton', 'pmkpi', null);

insert into bus_t_pageconsolecomconfig (URL, COMPONENTID, CONFIG, ID, APPID, REGION)
values ('/pmkpi/firstprogram/query/list', 'header', '{}', 'header', 'pmkpi', null);

insert into bus_t_pageconsolecomconfig (URL, COMPONENTID, CONFIG, ID, APPID, REGION)
values ('/pmkpi/firstprogram/query/list', 'buslefttree', '{}', 'lefttree', 'pmkpi', null);

insert into bus_t_pageconsolecomconfig (URL, COMPONENTID, CONFIG, ID, APPID, REGION)
values ('/pmkpi/firstprogram/query/list', 'busqueryform', '{name:''ฒ้ัฏว๘'',datatable:''datatable'',fastquery:true,drawmode:''div'',label:''ฟ์หูฒ้ัฏ'',labelwidth:''120''}', 'queryform', 'pmkpi', null);

insert into bus_t_pageconsolecomconfig (URL, COMPONENTID, CONFIG, ID, APPID, REGION)
values ('/pmkpi/firstprogram/query/list', 'busfw.dataexport', '{}', 'dataexport', 'pmkpi', null);


delete from bus_t_pageconsole where url ='/pmkpi/firstprogram/query/list';
insert into bus_t_pageconsole (URL, TEMPLATE, PAGE, JSLIB, CSSLIB, OBJLIB, APPID, CONSOLESERVICE, METHOD, CONFIG, SUPCONSOLE, REGION, ISEXPAND)
values ('/pmkpi/firstprogram/query/list', 'template8', '/pmkpi/common/template/template_defautl.jsp', '/pmkpi/common/template/template_default.js', null, null, 'pmkpi', 'gov.mof.fasp2.pmkpi.perfQuery.firstPro.FirstProgramQueryPage', 'index', '{header:[header],left:lefttree,main:[toolbutton,queryform,datatable]}', null, null, 0);


--2-4.ืชาฦึงธถ-ลไึร
delete from bus_t_pagecomponent  where id  = 'pmkpi_transpay';
insert into bus_t_pagecomponent (ID, NAME, TYPE, REMARK, JSLIB, JSOBJECTNAME, APPID, SERVICE)
values ('pmkpi_transpay', 'ฯ๎ฤฟผจะงฒ้ัฏ', null, 'ฯ๎ฤฟผจะงฒ้ัฏ', '/pmkpi/perfQuery/transPay/transpayquery.js', 'Ext.lt.pmkpi.perfquery.transpayservice', 'pmkpi', 'pmkpi.perfQuery.TransPayQueryService');

delete from bus_t_pageconsolecomconfig  where url ='/pmkpi/transpay/query/list';
insert into bus_t_pageconsolecomconfig (URL, COMPONENTID, CONFIG, ID, APPID, REGION)
values ('/pmkpi/transpay/query/list', 'pmkpi_transpay', '{}', 'transpay', 'pmkpi', null);

insert into bus_t_pageconsolecomconfig (URL, COMPONENTID, CONFIG, ID, APPID, REGION)
values ('/pmkpi/transpay/query/list', 'busuidatatable', '{name:''ฯ๎ฤฟผจะง'',checkbox:true,title:''ฯ๎ฤฟผจะง'',edit:false,addrow:false,uikey:''/pmkpi/program/report/edit''}', 'datatable', 'pmkpi', null);

insert into bus_t_pageconsolecomconfig (URL, COMPONENTID, CONFIG, ID, APPID, REGION)
values ('/pmkpi/transpay/query/list', 'bustoolbutton', '{}', 'toolbutton', 'pmkpi', null);

insert into bus_t_pageconsolecomconfig (URL, COMPONENTID, CONFIG, ID, APPID, REGION)
values ('/pmkpi/transpay/query/list', 'header', '{}', 'header', 'pmkpi', null);

insert into bus_t_pageconsolecomconfig (URL, COMPONENTID, CONFIG, ID, APPID, REGION)
values ('/pmkpi/transpay/query/list', 'buslefttree', '{}', 'lefttree', 'pmkpi', null);

insert into bus_t_pageconsolecomconfig (URL, COMPONENTID, CONFIG, ID, APPID, REGION)
values ('/pmkpi/transpay/query/list', 'busqueryform', '{name:''ฒ้ัฏว๘'',datatable:''datatable'',fastquery:true,drawmode:''div'',label:''ฟ์หูฒ้ัฏ'',labelwidth:''120''}', 'queryform', 'pmkpi', null);

insert into bus_t_pageconsolecomconfig (URL, COMPONENTID, CONFIG, ID, APPID, REGION)
values ('/pmkpi/transpay/query/list', 'busfw.dataexport', '{}', 'dataexport', 'pmkpi', null);

delete from bus_t_pageconsole  where url ='/pmkpi/transpay/query/list';
insert into bus_t_pageconsole (URL, TEMPLATE, PAGE, JSLIB, CSSLIB, OBJLIB, APPID, CONSOLESERVICE, METHOD, CONFIG, SUPCONSOLE, REGION, ISEXPAND)
values ('/pmkpi/transpay/query/list', 'template8', '/pmkpi/common/template/template_defautl.jsp', '/pmkpi/common/template/template_default.js', null, null, 'pmkpi', 'gov.mof.fasp2.pmkpi.perfQuery.transPay.TransPayQueryPage', 'index', '{header:[header],left:lefttree,main:[toolbutton,queryform,datatable]}', null, null, 0);

--3-4.ผจะงฤฟฑ๊ฒ้ัฏ-ี๛บฯ-ลไึร
delete from bus_t_pagecomponent  where id  = 'performance_query' ;
insert into bus_t_pagecomponent (ID, NAME, TYPE, REMARK, JSLIB, JSOBJECTNAME, APPID, SERVICE)
values ('performance_query', 'ผจะงฤฟฑ๊ฒ้ัฏ', null, 'ผจะงฤฟฑ๊ฒ้ัฏ', '/pmkpi/perfQuery/query.js', 'Ext.lt.pmkpi.perfQuery.index', 'pmkpi', 'pmkpi.perfQuery.PerfQueryService');

delete from bus_t_pageconsolecomconfig  where  url = '/pmkpi/performance/query';
insert into bus_t_pageconsolecomconfig (URL, COMPONENTID, CONFIG, ID, APPID, REGION)
values ('/pmkpi/performance/query', 'performance_query', '{}', 'performance', 'pmkpi', null);

insert into bus_t_pageconsolecomconfig (URL, COMPONENTID, CONFIG, ID, APPID, REGION)
values ('/pmkpi/performance/query', 'busfw.dataexport', '{}', 'dataexport', 'pmkpi', null);

insert into bus_t_pageconsolecomconfig (URL, COMPONENTID, CONFIG, ID, APPID, REGION)
values ('/pmkpi/performance/query', 'busuidatatable', '{name:''ผจะงฤฟฑ๊ฒ้ัฏ'',checkbox:true,title:''ผจะงฤฟฑ๊ฒ้ัฏ'',edit:false,addrow:false}', 'datatable', 'pmkpi', null);

insert into bus_t_pageconsolecomconfig (URL, COMPONENTID, CONFIG, ID, APPID, REGION)
values ('/pmkpi/performance/query', 'header', '{}', 'header', 'pmkpi', null);

insert into bus_t_pageconsolecomconfig (URL, COMPONENTID, CONFIG, ID, APPID, REGION)
values ('/pmkpi/performance/query', 'bustoolbutton', '{}', 'toolbutton', 'pmkpi', null);

insert into bus_t_pageconsolecomconfig (URL, COMPONENTID, CONFIG, ID, APPID, REGION)
values ('/pmkpi/performance/query', 'busqueryform', '{name:''ฒ้ัฏว๘'',datatable:''datatable'',fastquery:true,drawmode:''div'',label:''ฟ์หูฒ้ัฏ'',labelwidth:''120''}', 'queryform', 'pmkpi', null);

insert into bus_t_pageconsolecomconfig (URL, COMPONENTID, CONFIG, ID, APPID, REGION)
values ('/pmkpi/performance/query', 'busdclefttree', '{}', 'lefttree', 'pmkpi', null);

delete from bus_t_pageconsole  where url = '/pmkpi/performance/query';
insert into bus_t_pageconsole (URL, TEMPLATE, PAGE, JSLIB, CSSLIB, OBJLIB, APPID, CONSOLESERVICE, METHOD, CONFIG, SUPCONSOLE, REGION, ISEXPAND)
values ('/pmkpi/performance/query', 'template8', '/pmkpi/common/template/template_defautl.jsp', '/pmkpi/common/template/template_default.js', null, null, 'pmkpi', 'gov.mof.fasp2.pmkpi.perfQuery.PerfQueryPage', 'index', '{header:[header],left:lefttree,main:[toolbutton,queryform,datatable]}', null, null, 0);
