begin
delete from Bus_t_Pageconsole t where t.url in ('/pmkpi/indexlib/commedit','/pmkpi/indexlib/deptlist','/pmkpi/indexlib/edit','/pmkpi/indexlib/list','/pmkpi/index/audit','/pmkpi/index/query');
insert into Bus_t_Pageconsole (URL, TEMPLATE, PAGE, JSLIB, CSSLIB, OBJLIB, APPID, CONSOLESERVICE, METHOD, CONFIG, SUPCONSOLE, REGION, ISEXPAND)
values ('/pmkpi/index/audit', 'template8', '/pmkpi/common/template/template_defautl.jsp', '/pmkpi/common/template/template_default.js', null, null, 'pmkpi', 'gov.mof.fasp2.pmkpi.setting.indexlib.audit.IndexAuditPage', 'index', '{header:[header],left:lefttree,main:[toolbutton,queryform,tab,datatable]}', null, null, 0);

insert into Bus_t_Pageconsole (URL, TEMPLATE, PAGE, JSLIB, CSSLIB, OBJLIB, APPID, CONSOLESERVICE, METHOD, CONFIG, SUPCONSOLE, REGION, ISEXPAND)
values ('/pmkpi/index/query', 'template8', '/pmkpi/common/template/template_defautl.jsp', '/pmkpi/common/template/template_default.js', null, null, 'pmkpi', 'gov.mof.fasp2.pmkpi.setting.indexlib.query.IndexQueryPage', 'index', '{header:[header],left:lefttree,main:[toolbutton,queryform,datatable]}', null, null, 0);

insert into Bus_t_Pageconsole (URL, TEMPLATE, PAGE, JSLIB, CSSLIB, OBJLIB, APPID, CONSOLESERVICE, METHOD, CONFIG, SUPCONSOLE, REGION, ISEXPAND)
values ('/pmkpi/indexlib/commedit', 'template8', '/pmkpi/common/template/template_defautl.jsp', '/pmkpi/common/template/template_default.js', null, null, 'pmkpi', 'gov.mof.fasp2.pmkpi.setting.indexlib.report.IndexRpPage', 'commedit', '{main:[editform],footer:[toolbutton]}', null, null, 0);

insert into Bus_t_Pageconsole (URL, TEMPLATE, PAGE, JSLIB, CSSLIB, OBJLIB, APPID, CONSOLESERVICE, METHOD, CONFIG, SUPCONSOLE, REGION, ISEXPAND)
values ('/pmkpi/indexlib/deptlist', 'template8', '/pmkpi/common/template/template_defautl.jsp', '/pmkpi/common/template/template_default.js', null, null, 'pmkpi', 'gov.mof.fasp2.pmkpi.setting.indexlib.report.IndexRpPage', 'index', '{header:[header],left:lefttree,main:[toolbutton,queryform,tab,datatable]}', null, null, 0);

insert into Bus_t_Pageconsole (URL, TEMPLATE, PAGE, JSLIB, CSSLIB, OBJLIB, APPID, CONSOLESERVICE, METHOD, CONFIG, SUPCONSOLE, REGION, ISEXPAND)
values ('/pmkpi/indexlib/edit', 'template8', '/pmkpi/common/template/template_defautl.jsp', '/pmkpi/common/template/template_default.js', null, null, 'pmkpi', 'gov.mof.fasp2.pmkpi.setting.indexlib.report.IndexRpPage', 'commedit', '{main:[editform],footer:[toolbutton]}', null, null, 0);

insert into Bus_t_Pageconsole (URL, TEMPLATE, PAGE, JSLIB, CSSLIB, OBJLIB, APPID, CONSOLESERVICE, METHOD, CONFIG, SUPCONSOLE, REGION, ISEXPAND)
values ('/pmkpi/indexlib/list', 'template8', '/pmkpi/common/template/template_defautl.jsp', '/pmkpi/common/template/template_default.js', null, null, 'pmkpi', 'gov.mof.fasp2.pmkpi.setting.indexlib.report.IndexRpPage', 'index', '{header:[header],left:lefttree,main:[toolbutton,queryform,datatable]}', null, null, 0);

delete from Bus_t_Pagecomponent t where t.id in ('pmkpi_indexaudit','pmkpi_indexinfoedit','pmkpi_indexlist','pmkpi_indexquery');
insert into Bus_t_Pagecomponent (ID, NAME, TYPE, REMARK, JSLIB, JSOBJECTNAME, APPID, SERVICE)
values ('pmkpi_indexaudit', '¼ØŠ§Öø±źÉóŗĖ', null, '¼ØŠ§Öø±źÉóŗĖ', '/pmkpi/setting/indexlib/indexaudit.js', 'Ext.lt.pmkpi.indexaudit', 'pmkpi', 'pmkpi.setting.indexlib.audit.IndexAuditService');

insert into Bus_t_Pagecomponent (ID, NAME, TYPE, REMARK, JSLIB, JSOBJECTNAME, APPID, SERVICE)
values ('pmkpi_indexinfoedit', 'Öø±ź±ą¼­', null, 'Öø±ź±ą¼­', '/pmkpi/setting/indexlib/indexedit.js', 'Ext.lt.pmkpi.indexinfoedit', 'pmkpi', 'pmkpi.setting.indexlib.report.IndexRpEditService');

insert into Bus_t_Pagecomponent (ID, NAME, TYPE, REMARK, JSLIB, JSOBJECTNAME, APPID, SERVICE)
values ('pmkpi_indexlist', '¼ØŠ§Öø±źĀ¼ČėŅ³Ćę', null, '¼ØŠ§Öø±źĀ¼ČėŅ³Ćę', '/pmkpi/setting/indexlib/indexrplist.js', 'Ext.lt.pmkpi.indexlist', 'pmkpi', 'pmkpi.setting.indexlib.report.IndexRpService');

insert into Bus_t_Pagecomponent (ID, NAME, TYPE, REMARK, JSLIB, JSOBJECTNAME, APPID, SERVICE)
values ('pmkpi_indexquery', '¼ØŠ§Öø±ź²éŃÆŅ³Ćę', null, '¼ØŠ§Öø±ź²éŃÆŅ³Ćę', '/pmkpi/setting/indexlib/indexquery.js', 'Ext.lt.pmkpi.indexquery', 'pmkpi', 'pmkpi.setting.indexlib.query.IndexQueryService');

delete FROM Bus_t_Pageconsolecomconfig t where t.url in ('/pmkpi/indexlib/commedit','/pmkpi/indexlib/deptlist','/pmkpi/indexlib/edit','/pmkpi/indexlib/list','/pmkpi/index/audit','/pmkpi/index/query');

insert into Bus_t_Pageconsolecomconfig (URL, COMPONENTID, CONFIG, ID, APPID, REGION)
values ('/pmkpi/index/audit', 'busdclefttree', '{w:true}', 'lefttree', 'pmkpi', null);

insert into Bus_t_Pageconsolecomconfig (URL, COMPONENTID, CONFIG, ID, APPID, REGION)
values ('/pmkpi/index/audit', 'busqueryform', '{name:''²éŃÆĒų'',datatable:''datatable'',fastquery:true,drawmode:''div'',label:''æģĖŁ²éŃÆ'',labelwidth:''120''}', 'queryform', 'pmkpi', null);

insert into Bus_t_Pageconsolecomconfig (URL, COMPONENTID, CONFIG, ID, APPID, REGION)
values ('/pmkpi/index/audit', 'busuidatatable', '{name:''Öø±ź±ķ'',checkbox:true,title:''Öø±ź±ķ'',edit:false,addrow:false}', 'datatable', 'pmkpi', null);

insert into Bus_t_Pageconsolecomconfig (URL, COMPONENTID, CONFIG, ID, APPID, REGION)
values ('/pmkpi/index/audit', 'pmkpi_indexaudit', '{}', 'indexaudit', 'pmkpi', null);

insert into Bus_t_Pageconsolecomconfig (URL, COMPONENTID, CONFIG, ID, APPID, REGION)
values ('/pmkpi/index/audit', 'tabpage', '{}', 'tab', 'pmkpi', null);

insert into Bus_t_Pageconsolecomconfig (URL, COMPONENTID, CONFIG, ID, APPID, REGION)
values ('/pmkpi/index/audit', 'bustoolbutton', '{}', 'toolbutton', 'pmkpi', null);

insert into Bus_t_Pageconsolecomconfig (URL, COMPONENTID, CONFIG, ID, APPID, REGION)
values ('/pmkpi/index/audit', 'header', '{}', 'header', 'pmkpi', null);

insert into Bus_t_Pageconsolecomconfig (URL, COMPONENTID, CONFIG, ID, APPID, REGION)
values ('/pmkpi/index/query', 'header', '{}', 'header', 'pmkpi', null);

insert into Bus_t_Pageconsolecomconfig (URL, COMPONENTID, CONFIG, ID, APPID, REGION)
values ('/pmkpi/index/query', 'busuidatatable', '{name:''Öø±ź±ķ'',checkbox:true,title:''Öø±ź±ķ'',edit:false,addrow:false}', 'datatable', 'pmkpi', null);

insert into Bus_t_Pageconsolecomconfig (URL, COMPONENTID, CONFIG, ID, APPID, REGION)
values ('/pmkpi/index/query', 'pmkpi_indexquery', '{}', 'indexquery', 'pmkpi', null);

insert into Bus_t_Pageconsolecomconfig (URL, COMPONENTID, CONFIG, ID, APPID, REGION)
values ('/pmkpi/index/query', 'busqueryform', '{name:''²éŃÆĒų'',datatable:''datatable'',fastquery:true,drawmode:''div'',label:''æģĖŁ²éŃÆ'',labelwidth:''120''}', 'queryform', 'pmkpi', null);

insert into Bus_t_Pageconsolecomconfig (URL, COMPONENTID, CONFIG, ID, APPID, REGION)
values ('/pmkpi/index/query', 'busdclefttree', '{w:true}', 'lefttree', 'pmkpi', null);

insert into Bus_t_Pageconsolecomconfig (URL, COMPONENTID, CONFIG, ID, APPID, REGION)
values ('/pmkpi/index/query', 'bustoolbutton', '{}', 'toolbutton', 'pmkpi', null);

insert into Bus_t_Pageconsolecomconfig (URL, COMPONENTID, CONFIG, ID, APPID, REGION)
values ('/pmkpi/indexlib/commedit', 'pmkpi_indexinfoedit', '{}', 'indexinfoedit', 'pmkpi', null);

insert into Bus_t_Pageconsolecomconfig (URL, COMPONENTID, CONFIG, ID, APPID, REGION)
values ('/pmkpi/indexlib/commedit', 'buseditform', '{}', 'editform', 'pmkpi', null);

insert into Bus_t_Pageconsolecomconfig (URL, COMPONENTID, CONFIG, ID, APPID, REGION)
values ('/pmkpi/indexlib/commedit', 'bustoolbutton', '{}', 'toolbutton', 'pmkpi', null);

insert into Bus_t_Pageconsolecomconfig (URL, COMPONENTID, CONFIG, ID, APPID, REGION)
values ('/pmkpi/indexlib/deptlist', 'busuidatatable', '{name:''Öø±ź±ķ'',checkbox:true,title:''Öø±ź±ķ'',edit:false,addrow:false}', 'datatable', 'pmkpi', null);

insert into Bus_t_Pageconsolecomconfig (URL, COMPONENTID, CONFIG, ID, APPID, REGION)
values ('/pmkpi/indexlib/deptlist', 'header', '{}', 'header', 'pmkpi', null);

insert into Bus_t_Pageconsolecomconfig (URL, COMPONENTID, CONFIG, ID, APPID, REGION)
values ('/pmkpi/indexlib/deptlist', 'pmkpi_indexlist', '{}', 'indexlib', 'pmkpi', null);

insert into Bus_t_Pageconsolecomconfig (URL, COMPONENTID, CONFIG, ID, APPID, REGION)
values ('/pmkpi/indexlib/deptlist', 'bustoolbutton', '{}', 'toolbutton', 'pmkpi', null);

insert into Bus_t_Pageconsolecomconfig (URL, COMPONENTID, CONFIG, ID, APPID, REGION)
values ('/pmkpi/indexlib/deptlist', 'tabpage', '{}', 'tab', 'pmkpi', null);

insert into Bus_t_Pageconsolecomconfig (URL, COMPONENTID, CONFIG, ID, APPID, REGION)
values ('/pmkpi/indexlib/deptlist', 'busdclefttree', '{w:true}', 'lefttree', 'pmkpi', null);

insert into Bus_t_Pageconsolecomconfig (URL, COMPONENTID, CONFIG, ID, APPID, REGION)
values ('/pmkpi/indexlib/deptlist', 'busqueryform', '{name:''²éŃÆĒų'',datatable:''datatable'',fastquery:true,drawmode:''div'',label:''æģĖŁ²éŃÆ'',labelwidth:''120''}', 'queryform', 'pmkpi', null);

insert into Bus_t_Pageconsolecomconfig (URL, COMPONENTID, CONFIG, ID, APPID, REGION)
values ('/pmkpi/indexlib/edit', 'pmkpi_indexinfoedit', '{}', 'indexinfoedit', 'pmkpi', null);

insert into Bus_t_Pageconsolecomconfig (URL, COMPONENTID, CONFIG, ID, APPID, REGION)
values ('/pmkpi/indexlib/edit', 'bustoolbutton', '{}', 'toolbutton', 'pmkpi', null);

insert into Bus_t_Pageconsolecomconfig (URL, COMPONENTID, CONFIG, ID, APPID, REGION)
values ('/pmkpi/indexlib/edit', 'buseditform', '{}', 'editform', 'pmkpi', null);

insert into Bus_t_Pageconsolecomconfig (URL, COMPONENTID, CONFIG, ID, APPID, REGION)
values ('/pmkpi/indexlib/list', 'pmkpi_indexlist', '{}', 'indexlib', 'pmkpi', null);

insert into Bus_t_Pageconsolecomconfig (URL, COMPONENTID, CONFIG, ID, APPID, REGION)
values ('/pmkpi/indexlib/list', 'busqueryform', '{name:''²éŃÆĒų'',datatable:''datatable'',fastquery:true,drawmode:''div'',label:''æģĖŁ²éŃÆ'',labelwidth:''120''}', 'queryform', 'pmkpi', null);

insert into Bus_t_Pageconsolecomconfig (URL, COMPONENTID, CONFIG, ID, APPID, REGION)
values ('/pmkpi/indexlib/list', 'busdclefttree', '{w:true}', 'lefttree', 'pmkpi', null);

insert into Bus_t_Pageconsolecomconfig (URL, COMPONENTID, CONFIG, ID, APPID, REGION)
values ('/pmkpi/indexlib/list', 'bustoolbutton', '{}', 'toolbutton', 'pmkpi', null);

insert into Bus_t_Pageconsolecomconfig (URL, COMPONENTID, CONFIG, ID, APPID, REGION)
values ('/pmkpi/indexlib/list', 'header', '{}', 'header', 'pmkpi', null);

insert into Bus_t_Pageconsolecomconfig (URL, COMPONENTID, CONFIG, ID, APPID, REGION)
values ('/pmkpi/indexlib/list', 'busuidatatable', '{name:''Öø±ź±ķ'',checkbox:true,title:''Öø±ź±ķ'',edit:false,addrow:false}', 'datatable', 'pmkpi', null);