begin

delete from bus_t_dictable where tablecode in ('PERF_T_PROJREVIEW','PERF_REVIEWINTERMEDIARY');
INSERT INTO bus_t_dictable ("YEAR", "PROVINCE", "TABLECODE", "NAME", "REMARK", "TABLETYPE", "VERSION", "DBTABNAME", "APPID", "EXP", "TABLEPART", "ISSHOW", "DBIMPFLAG", "ISSYS", "ISUSES", "VIEWTABLENAME", "DATASYNC", "HASTRIGGER", "SYNCCLASSNAME", "STATUS") VALUES ('2016', '87', 'PERF_REVIEWINTERMEDIARY', '评估委托机构表', '评估委托机构表', '2', '1', 'PERF_REVIEWINTERMEDIARY', 'pmkpi', NULL, '0', '1', '0', '0', '1', 'PERF_REVIEWINTERMEDIARY', '1', '1', NULL, '1');
INSERT INTO bus_t_dictable ("YEAR", "PROVINCE", "TABLECODE", "NAME", "REMARK", "TABLETYPE", "VERSION", "DBTABNAME", "APPID", "EXP", "TABLEPART", "ISSHOW", "DBIMPFLAG", "ISSYS", "ISUSES", "VIEWTABLENAME", "DATASYNC", "HASTRIGGER", "SYNCCLASSNAME", "STATUS") VALUES ('2016', '87', 'PERF_T_PROJREVIEW', '项目评估表', '项目评估表', '2', '1', 'PERF_T_PROJREVIEW', 'pmkpi', NULL, '0', '1', '0', '0', '1', 'V_PERF_T_PROJREVIEW', '1', '1', NULL, '1');

delete from BUS_T_DICCOLUMN where tablecode in ('PERF_T_PROJREVIEW','PERF_REVIEWINTERMEDIARY');
INSERT INTO BUS_T_DICCOLUMN ("DEID", "CSID", "EXP", "ISSYS", "DBCOLUMNCODE", "ISUSES", "YEAR", "PROVINCE", "COLUMNID", "COLUMNCODE", "TABLECODE", "NAME", "DATATYPE", "DATALENGTH", "SCALE", "VERSION", "NULLABLE", "DEFAULTVALUE") VALUES (NULL, NULL, NULL, '1', 'GUID', '1', NULL, NULL, 'B9BA41AEEA253621E053B11FA8C03800', 'GUID', 'PERF_REVIEWINTERMEDIARY', '业务主键', 'S', '40', NULL, '1', '1', NULL);
INSERT INTO BUS_T_DICCOLUMN ("DEID", "CSID", "EXP", "ISSYS", "DBCOLUMNCODE", "ISUSES", "YEAR", "PROVINCE", "COLUMNID", "COLUMNCODE", "TABLECODE", "NAME", "DATATYPE", "DATALENGTH", "SCALE", "VERSION", "NULLABLE", "DEFAULTVALUE") VALUES (NULL, NULL, NULL, '1', 'INTERMEDIARY', '1', NULL, NULL, 'B9BA41AEEA1306236053B11FA8C03800', 'INTERMEDIARY', 'PERF_REVIEWINTERMEDIARY', '机构表主键', 'S', '40', NULL, '1', '1', NULL);
INSERT INTO BUS_T_DICCOLUMN ("DEID", "CSID", "EXP", "ISSYS", "DBCOLUMNCODE", "ISUSES", "YEAR", "PROVINCE", "COLUMNID", "COLUMNCODE", "TABLECODE", "NAME", "DATATYPE", "DATALENGTH", "SCALE", "VERSION", "NULLABLE", "DEFAULTVALUE") VALUES (NULL, NULL, NULL, '1', 'PROVINCE', '1', NULL, NULL, 'B9BA41AEEA130621E183B11FA8C03800', 'PROVINCE', 'PERF_REVIEWINTERMEDIARY', '地区', 'S', '32', NULL, '1', '1', NULL);
INSERT INTO BUS_T_DICCOLUMN ("DEID", "CSID", "EXP", "ISSYS", "DBCOLUMNCODE", "ISUSES", "YEAR", "PROVINCE", "COLUMNID", "COLUMNCODE", "TABLECODE", "NAME", "DATATYPE", "DATALENGTH", "SCALE", "VERSION", "NULLABLE", "DEFAULTVALUE") VALUES (NULL, NULL, NULL, '1', 'REVIEW', '1', NULL, NULL, 'B9BA41AEEA138621E053B11FA8C03800', 'REVIEW', 'PERF_REVIEWINTERMEDIARY', '评估表主键', 'S', '40', NULL, '1', '1', NULL);
INSERT INTO BUS_T_DICCOLUMN ("DEID", "CSID", "EXP", "ISSYS", "DBCOLUMNCODE", "ISUSES", "YEAR", "PROVINCE", "COLUMNID", "COLUMNCODE", "TABLECODE", "NAME", "DATATYPE", "DATALENGTH", "SCALE", "VERSION", "NULLABLE", "DEFAULTVALUE") VALUES (NULL, NULL, NULL, '1', 'YEAR', '1', NULL, NULL, 'B9BA41AEEA130621E833B11FA8C03800', 'YEAR', 'PERF_REVIEWINTERMEDIARY', '年份', 'S', '4', NULL, '1', '1', NULL);
INSERT INTO BUS_T_DICCOLUMN ("DEID", "CSID", "EXP", "ISSYS", "DBCOLUMNCODE", "ISUSES", "YEAR", "PROVINCE", "COLUMNID", "COLUMNCODE", "TABLECODE", "NAME", "DATATYPE", "DATALENGTH", "SCALE", "VERSION", "NULLABLE", "DEFAULTVALUE") VALUES (NULL, NULL, NULL, '1', 'ADJSTATUS', '1', NULL, NULL, 'B9BA41AEEA040621E053B11FA8C03800', 'ADJSTATUS', 'PERF_T_PROJREVIEW', '调整状态', 'S', '32', NULL, '1', '1', NULL);
INSERT INTO BUS_T_DICCOLUMN ("DEID", "CSID", "EXP", "ISSYS", "DBCOLUMNCODE", "ISUSES", "YEAR", "PROVINCE", "COLUMNID", "COLUMNCODE", "TABLECODE", "NAME", "DATATYPE", "DATALENGTH", "SCALE", "VERSION", "NULLABLE", "DEFAULTVALUE") VALUES (NULL, 'VD00010', NULL, '1', 'AGENCYGUID', '1', NULL, NULL, 'B9BA41AEEA050621E053B11FA8C03800', 'AGENCYGUID', 'PERF_T_PROJREVIEW', '单位信息', 'S', '32', NULL, '1', '1', NULL);
INSERT INTO BUS_T_DICCOLUMN ("DEID", "CSID", "EXP", "ISSYS", "DBCOLUMNCODE", "ISUSES", "YEAR", "PROVINCE", "COLUMNID", "COLUMNCODE", "TABLECODE", "NAME", "DATATYPE", "DATALENGTH", "SCALE", "VERSION", "NULLABLE", "DEFAULTVALUE") VALUES ('DE03002', 'VD00010', NULL, '0', 'AGENCY_CODE', '1', NULL, NULL, 'B9BA41AEEA060621E053B11FA8C03800', 'AGENCY_CODE', 'PERF_T_PROJREVIEW', '单位代码', 'S', '21', NULL, '1', '1', NULL);
INSERT INTO BUS_T_DICCOLUMN ("DEID", "CSID", "EXP", "ISSYS", "DBCOLUMNCODE", "ISUSES", "YEAR", "PROVINCE", "COLUMNID", "COLUMNCODE", "TABLECODE", "NAME", "DATATYPE", "DATALENGTH", "SCALE", "VERSION", "NULLABLE", "DEFAULTVALUE") VALUES (NULL, NULL, NULL, '0', 'AUDITOR', '1', NULL, NULL, 'B9BA41AEEA070621E053B11FA8C03800', 'AUDITOR', 'PERF_T_PROJREVIEW', '审核人', 'S', '32', NULL, '1', '1', NULL);
INSERT INTO BUS_T_DICCOLUMN ("DEID", "CSID", "EXP", "ISSYS", "DBCOLUMNCODE", "ISUSES", "YEAR", "PROVINCE", "COLUMNID", "COLUMNCODE", "TABLECODE", "NAME", "DATATYPE", "DATALENGTH", "SCALE", "VERSION", "NULLABLE", "DEFAULTVALUE") VALUES (NULL, 'PDMTRAIN', NULL, '0', 'CEN_TRA_PRO_CODE', '1', NULL, NULL, 'B9BA41AEEA080621E053B11FA8C03800', 'CEN_TRA_PRO_CODE', 'PERF_T_PROJREVIEW', '上级转移支付项目代码', 'S', '21', NULL, '1', '1', NULL);
INSERT INTO BUS_T_DICCOLUMN ("DEID", "CSID", "EXP", "ISSYS", "DBCOLUMNCODE", "ISUSES", "YEAR", "PROVINCE", "COLUMNID", "COLUMNCODE", "TABLECODE", "NAME", "DATATYPE", "DATALENGTH", "SCALE", "VERSION", "NULLABLE", "DEFAULTVALUE") VALUES (NULL, NULL, NULL, '1', 'CONCLUSION', '1', '2020', '87', 'B9B81E5FA601290BE053B11FA8C02292', 'CONCLUSION', 'PERF_T_PROJREVIEW', '结论', 'S', '50', NULL, NULL, '1', NULL);
INSERT INTO BUS_T_DICCOLUMN ("DEID", "CSID", "EXP", "ISSYS", "DBCOLUMNCODE", "ISUSES", "YEAR", "PROVINCE", "COLUMNID", "COLUMNCODE", "TABLECODE", "NAME", "DATATYPE", "DATALENGTH", "SCALE", "VERSION", "NULLABLE", "DEFAULTVALUE") VALUES (NULL, NULL, NULL, '0', 'CREATER', '1', NULL, NULL, 'B9BA41AEEA090621E053B11FA8C03800', 'CREATER', 'PERF_T_PROJREVIEW', '建单人', 'S', '32', NULL, '1', '1', NULL);
INSERT INTO BUS_T_DICCOLUMN ("DEID", "CSID", "EXP", "ISSYS", "DBCOLUMNCODE", "ISUSES", "YEAR", "PROVINCE", "COLUMNID", "COLUMNCODE", "TABLECODE", "NAME", "DATATYPE", "DATALENGTH", "SCALE", "VERSION", "NULLABLE", "DEFAULTVALUE") VALUES (NULL, NULL, NULL, '0', 'CREATE_TIME', '1', NULL, NULL, 'B9BA41AEEA0A0621E053B11FA8C03800', 'CREATE_TIME', 'PERF_T_PROJREVIEW', '创建时间', 'S', '14', NULL, '1', '1', NULL);
INSERT INTO BUS_T_DICCOLUMN ("DEID", "CSID", "EXP", "ISSYS", "DBCOLUMNCODE", "ISUSES", "YEAR", "PROVINCE", "COLUMNID", "COLUMNCODE", "TABLECODE", "NAME", "DATATYPE", "DATALENGTH", "SCALE", "VERSION", "NULLABLE", "DEFAULTVALUE") VALUES (NULL, 'VD00010', NULL, '0', 'DEPT_CODE', '1', NULL, NULL, 'B9BA41AEEA0B0621E053B11FA8C03800', 'DEPT_CODE', 'PERF_T_PROJREVIEW', '部门代码', 'S', '21', NULL, '1', '1', NULL);
INSERT INTO BUS_T_DICCOLUMN ("DEID", "CSID", "EXP", "ISSYS", "DBCOLUMNCODE", "ISUSES", "YEAR", "PROVINCE", "COLUMNID", "COLUMNCODE", "TABLECODE", "NAME", "DATATYPE", "DATALENGTH", "SCALE", "VERSION", "NULLABLE", "DEFAULTVALUE") VALUES (NULL, 'VD09004', NULL, '0', 'DEP_AUD_OPINION_CODE', '1', NULL, NULL, 'B9BA41AEEA0C0621E053B11FA8C03800', 'DEP_AUD_OPINION_CODE', 'PERF_T_PROJREVIEW', '部门审核意见', 'S', '1', NULL, '1', '1', NULL);
INSERT INTO BUS_T_DICCOLUMN ("DEID", "CSID", "EXP", "ISSYS", "DBCOLUMNCODE", "ISUSES", "YEAR", "PROVINCE", "COLUMNID", "COLUMNCODE", "TABLECODE", "NAME", "DATATYPE", "DATALENGTH", "SCALE", "VERSION", "NULLABLE", "DEFAULTVALUE") VALUES (NULL, 'VD09002', NULL, '0', 'DISTRI_TYPE_CODE', '1', NULL, NULL, 'B9BA41AEEA0D0621E053B11FA8C03800', 'DISTRI_TYPE_CODE', 'PERF_T_PROJREVIEW', '分配方式', 'S', '1', NULL, '1', '1', NULL);
INSERT INTO BUS_T_DICCOLUMN ("DEID", "CSID", "EXP", "ISSYS", "DBCOLUMNCODE", "ISUSES", "YEAR", "PROVINCE", "COLUMNID", "COLUMNCODE", "TABLECODE", "NAME", "DATATYPE", "DATALENGTH", "SCALE", "VERSION", "NULLABLE", "DEFAULTVALUE") VALUES (NULL, 'PMDRAFTTEMPLATE', NULL, '0', 'DRAFT_TEMPLATE_CODE', '1', NULL, NULL, 'B9BA41AEEA0E0621E053B11FA8C03800', 'DRAFT_TEMPLATE_CODE', 'PERF_T_PROJREVIEW', '编报模板代码', 'S', '32', NULL, '1', '1', NULL);
INSERT INTO BUS_T_DICCOLUMN ("DEID", "CSID", "EXP", "ISSYS", "DBCOLUMNCODE", "ISUSES", "YEAR", "PROVINCE", "COLUMNID", "COLUMNCODE", "TABLECODE", "NAME", "DATATYPE", "DATALENGTH", "SCALE", "VERSION", "NULLABLE", "DEFAULTVALUE") VALUES ('DE05004', 'VD10004', NULL, '0', 'EXP_FUNC_CODE', '1', NULL, NULL, 'B9BA41AEEA0F0621E053B11FA8C03800', 'EXP_FUNC_CODE', 'PERF_T_PROJREVIEW', '支出功能分类科目代码', 'S', '7', NULL, '1', '1', NULL);
INSERT INTO BUS_T_DICCOLUMN ("DEID", "CSID", "EXP", "ISSYS", "DBCOLUMNCODE", "ISUSES", "YEAR", "PROVINCE", "COLUMNID", "COLUMNCODE", "TABLECODE", "NAME", "DATATYPE", "DATALENGTH", "SCALE", "VERSION", "NULLABLE", "DEFAULTVALUE") VALUES (NULL, NULL, NULL, '1', 'FININTORGGUID', '1', NULL, NULL, 'B9BA41AEEA100621E053B11FA8C03800', 'FININTORGGUID', 'PERF_T_PROJREVIEW', '财政处室', 'S', '32', NULL, '1', '1', NULL);
INSERT INTO BUS_T_DICCOLUMN ("DEID", "CSID", "EXP", "ISSYS", "DBCOLUMNCODE", "ISUSES", "YEAR", "PROVINCE", "COLUMNID", "COLUMNCODE", "TABLECODE", "NAME", "DATATYPE", "DATALENGTH", "SCALE", "VERSION", "NULLABLE", "DEFAULTVALUE") VALUES (NULL, NULL, NULL, '1', 'FROMGUID', '1', NULL, NULL, 'B9BA41AEEA110621E053B11FA8C03800', 'FROMGUID', 'PERF_T_PROJREVIEW', '来源guid', 'S', '32', NULL, '1', '1', NULL);
INSERT INTO BUS_T_DICCOLUMN ("DEID", "CSID", "EXP", "ISSYS", "DBCOLUMNCODE", "ISUSES", "YEAR", "PROVINCE", "COLUMNID", "COLUMNCODE", "TABLECODE", "NAME", "DATATYPE", "DATALENGTH", "SCALE", "VERSION", "NULLABLE", "DEFAULTVALUE") VALUES (NULL, 'PDMFUNCRESP', NULL, '0', 'FUN_RES_CODE', '1', NULL, NULL, 'B9BA41AEEA120621E053B11FA8C03800', 'FUN_RES_CODE', 'PERF_T_PROJREVIEW', '职能职责代码', 'S', '6', NULL, '1', '1', NULL);
INSERT INTO BUS_T_DICCOLUMN ("DEID", "CSID", "EXP", "ISSYS", "DBCOLUMNCODE", "ISUSES", "YEAR", "PROVINCE", "COLUMNID", "COLUMNCODE", "TABLECODE", "NAME", "DATATYPE", "DATALENGTH", "SCALE", "VERSION", "NULLABLE", "DEFAULTVALUE") VALUES (NULL, NULL, NULL, '1', 'GUID', '1', NULL, NULL, 'B9BA41AEEA130621E053B11FA8C03800', 'GUID', 'PERF_T_PROJREVIEW', '业务主键', 'S', '32', NULL, '1', '1', NULL);
INSERT INTO BUS_T_DICCOLUMN ("DEID", "CSID", "EXP", "ISSYS", "DBCOLUMNCODE", "ISUSES", "YEAR", "PROVINCE", "COLUMNID", "COLUMNCODE", "TABLECODE", "NAME", "DATATYPE", "DATALENGTH", "SCALE", "VERSION", "NULLABLE", "DEFAULTVALUE") VALUES (NULL, NULL, NULL, '1', 'ISHISTORY', '1', NULL, NULL, 'B9BA41AEEA140621E053B11FA8C03800', 'ISHISTORY', 'PERF_T_PROJREVIEW', '是否历史数据', 'S', '32', NULL, '1', '1', NULL);
INSERT INTO BUS_T_DICCOLUMN ("DEID", "CSID", "EXP", "ISSYS", "DBCOLUMNCODE", "ISUSES", "YEAR", "PROVINCE", "COLUMNID", "COLUMNCODE", "TABLECODE", "NAME", "DATATYPE", "DATALENGTH", "SCALE", "VERSION", "NULLABLE", "DEFAULTVALUE") VALUES (NULL, NULL, NULL, '1', 'ISPUBLISH', '1', NULL, NULL, 'B9BA41AEEA150621E053B11FA8C03800', 'ISPUBLISH', 'PERF_T_PROJREVIEW', '是否发布', 'S', '32', NULL, '1', '1', NULL);
INSERT INTO BUS_T_DICCOLUMN ("DEID", "CSID", "EXP", "ISSYS", "DBCOLUMNCODE", "ISUSES", "YEAR", "PROVINCE", "COLUMNID", "COLUMNCODE", "TABLECODE", "NAME", "DATATYPE", "DATALENGTH", "SCALE", "VERSION", "NULLABLE", "DEFAULTVALUE") VALUES (NULL, 'VD00001', NULL, '0', 'IS_ATTACH', '1', NULL, NULL, 'B9BA41AEEA160621E053B11FA8C03800', 'IS_ATTACH', 'PERF_T_PROJREVIEW', '是否填报附件', 'N', '22', NULL, '1', '1', NULL);
INSERT INTO BUS_T_DICCOLUMN ("DEID", "CSID", "EXP", "ISSYS", "DBCOLUMNCODE", "ISUSES", "YEAR", "PROVINCE", "COLUMNID", "COLUMNCODE", "TABLECODE", "NAME", "DATATYPE", "DATALENGTH", "SCALE", "VERSION", "NULLABLE", "DEFAULTVALUE") VALUES (NULL, 'VD00001', NULL, '0', 'IS_BGT', '1', NULL, NULL, 'B9BA41AEEA170621E053B11FA8C03800', 'IS_BGT', 'PERF_T_PROJREVIEW', '是否纳入', 'N', '22', NULL, '1', '1', NULL);
INSERT INTO BUS_T_DICCOLUMN ("DEID", "CSID", "EXP", "ISSYS", "DBCOLUMNCODE", "ISUSES", "YEAR", "PROVINCE", "COLUMNID", "COLUMNCODE", "TABLECODE", "NAME", "DATATYPE", "DATALENGTH", "SCALE", "VERSION", "NULLABLE", "DEFAULTVALUE") VALUES (NULL, 'VD00001', NULL, '0', 'IS_CAPTIAL_CONS_PRO', '1', NULL, NULL, 'B9BA41AEEA180621E053B11FA8C03800', 'IS_CAPTIAL_CONS_PRO', 'PERF_T_PROJREVIEW', '是否基建项目', 'N', '22', NULL, '1', '1', NULL);
INSERT INTO BUS_T_DICCOLUMN ("DEID", "CSID", "EXP", "ISSYS", "DBCOLUMNCODE", "ISUSES", "YEAR", "PROVINCE", "COLUMNID", "COLUMNCODE", "TABLECODE", "NAME", "DATATYPE", "DATALENGTH", "SCALE", "VERSION", "NULLABLE", "DEFAULTVALUE") VALUES (NULL, 'VD00001', NULL, '0', 'IS_DELETED', '1', NULL, NULL, 'B9BA41AEEA190621E053B11FA8C03800', 'IS_DELETED', 'PERF_T_PROJREVIEW', '是否删除', 'N', '22', NULL, '1', '1', NULL);
INSERT INTO BUS_T_DICCOLUMN ("DEID", "CSID", "EXP", "ISSYS", "DBCOLUMNCODE", "ISUSES", "YEAR", "PROVINCE", "COLUMNID", "COLUMNCODE", "TABLECODE", "NAME", "DATATYPE", "DATALENGTH", "SCALE", "VERSION", "NULLABLE", "DEFAULTVALUE") VALUES (NULL, 'VD00001', NULL, '0', 'IS_DIVIDE_PRO', '1', NULL, NULL, 'B9BA41AEEA1A0621E053B11FA8C03800', 'IS_DIVIDE_PRO', 'PERF_T_PROJREVIEW', '是否拆分项目', 'N', '22', NULL, '1', '1', NULL);
INSERT INTO BUS_T_DICCOLUMN ("DEID", "CSID", "EXP", "ISSYS", "DBCOLUMNCODE", "ISUSES", "YEAR", "PROVINCE", "COLUMNID", "COLUMNCODE", "TABLECODE", "NAME", "DATATYPE", "DATALENGTH", "SCALE", "VERSION", "NULLABLE", "DEFAULTVALUE") VALUES (NULL, 'VD00001', NULL, '0', 'IS_END', '1', NULL, NULL, 'B9BA41AEEA1B0621E053B11FA8C03800', 'IS_END', 'PERF_T_PROJREVIEW', '是否终止', 'N', '22', NULL, '1', '1', NULL);
INSERT INTO BUS_T_DICCOLUMN ("DEID", "CSID", "EXP", "ISSYS", "DBCOLUMNCODE", "ISUSES", "YEAR", "PROVINCE", "COLUMNID", "COLUMNCODE", "TABLECODE", "NAME", "DATATYPE", "DATALENGTH", "SCALE", "VERSION", "NULLABLE", "DEFAULTVALUE") VALUES (NULL, 'VD00001', NULL, '0', 'IS_GOVPUR', '1', NULL, NULL, 'B9BA41AEEA1C0621E053B11FA8C03800', 'IS_GOVPUR', 'PERF_T_PROJREVIEW', '是否填报采购', 'N', '22', NULL, '1', '1', NULL);
INSERT INTO BUS_T_DICCOLUMN ("DEID", "CSID", "EXP", "ISSYS", "DBCOLUMNCODE", "ISUSES", "YEAR", "PROVINCE", "COLUMNID", "COLUMNCODE", "TABLECODE", "NAME", "DATATYPE", "DATALENGTH", "SCALE", "VERSION", "NULLABLE", "DEFAULTVALUE") VALUES (NULL, 'VD00001', NULL, '0', 'IS_OTHER_EDIT', '1', NULL, NULL, 'B9BA41AEEA1D0621E053B11FA8C03800', 'IS_OTHER_EDIT', 'PERF_T_PROJREVIEW', '是否代编', 'N', '22', NULL, '1', '1', NULL);
INSERT INTO BUS_T_DICCOLUMN ("DEID", "CSID", "EXP", "ISSYS", "DBCOLUMNCODE", "ISUSES", "YEAR", "PROVINCE", "COLUMNID", "COLUMNCODE", "TABLECODE", "NAME", "DATATYPE", "DATALENGTH", "SCALE", "VERSION", "NULLABLE", "DEFAULTVALUE") VALUES (NULL, 'VD00001', NULL, '0', 'IS_PERFORM', '1', NULL, NULL, 'B9BA41AEEA1E0621E053B11FA8C03800', 'IS_PERFORM', 'PERF_T_PROJREVIEW', '是否填报绩效', 'N', '22', NULL, '1', '1', NULL);
INSERT INTO BUS_T_DICCOLUMN ("DEID", "CSID", "EXP", "ISSYS", "DBCOLUMNCODE", "ISUSES", "YEAR", "PROVINCE", "COLUMNID", "COLUMNCODE", "TABLECODE", "NAME", "DATATYPE", "DATALENGTH", "SCALE", "VERSION", "NULLABLE", "DEFAULTVALUE") VALUES (NULL, 'VD00001', NULL, '0', 'IS_SCIENTIFIC', '1', NULL, NULL, 'B9BA41AEEA1F0621E053B11FA8C03800', 'IS_SCIENTIFIC', 'PERF_T_PROJREVIEW', '是否科研项目', 'N', '22', NULL, '1', '1', NULL);
INSERT INTO BUS_T_DICCOLUMN ("DEID", "CSID", "EXP", "ISSYS", "DBCOLUMNCODE", "ISUSES", "YEAR", "PROVINCE", "COLUMNID", "COLUMNCODE", "TABLECODE", "NAME", "DATATYPE", "DATALENGTH", "SCALE", "VERSION", "NULLABLE", "DEFAULTVALUE") VALUES (NULL, 'VD00001', NULL, '0', 'IS_THIN', '1', NULL, NULL, 'B9BA41AEEA200621E053B11FA8C03800', 'IS_THIN', 'PERF_T_PROJREVIEW', '是否细化', 'N', '22', NULL, '1', '1', NULL);
INSERT INTO BUS_T_DICCOLUMN ("DEID", "CSID", "EXP", "ISSYS", "DBCOLUMNCODE", "ISUSES", "YEAR", "PROVINCE", "COLUMNID", "COLUMNCODE", "TABLECODE", "NAME", "DATATYPE", "DATALENGTH", "SCALE", "VERSION", "NULLABLE", "DEFAULTVALUE") VALUES (NULL, 'VD00001', NULL, '0', 'IS_TO_DOWN', '1', NULL, NULL, 'B9BA41AEEA210621E053B11FA8C03800', 'IS_TO_DOWN', 'PERF_T_PROJREVIEW', '是否对下项目', 'N', '22', NULL, '1', '1', NULL);
INSERT INTO BUS_T_DICCOLUMN ("DEID", "CSID", "EXP", "ISSYS", "DBCOLUMNCODE", "ISUSES", "YEAR", "PROVINCE", "COLUMNID", "COLUMNCODE", "TABLECODE", "NAME", "DATATYPE", "DATALENGTH", "SCALE", "VERSION", "NULLABLE", "DEFAULTVALUE") VALUES (NULL, 'VD00001', NULL, '0', 'IS_TRACK', '1', NULL, NULL, 'B9BA41AEEA220621E053B11FA8C03800', 'IS_TRACK', 'PERF_T_PROJREVIEW', '是否追踪', 'N', '22', NULL, '1', '1', NULL);
INSERT INTO BUS_T_DICCOLUMN ("DEID", "CSID", "EXP", "ISSYS", "DBCOLUMNCODE", "ISUSES", "YEAR", "PROVINCE", "COLUMNID", "COLUMNCODE", "TABLECODE", "NAME", "DATATYPE", "DATALENGTH", "SCALE", "VERSION", "NULLABLE", "DEFAULTVALUE") VALUES (NULL, 'VD00001', NULL, '0', 'IS_USESET', '1', NULL, NULL, 'B9BA41AEEA230621E053B11FA8C03800', 'IS_USESET', 'PERF_T_PROJREVIEW', '是否设置使用范围', 'N', '22', NULL, '1', '1', NULL);
INSERT INTO BUS_T_DICCOLUMN ("DEID", "CSID", "EXP", "ISSYS", "DBCOLUMNCODE", "ISUSES", "YEAR", "PROVINCE", "COLUMNID", "COLUMNCODE", "TABLECODE", "NAME", "DATATYPE", "DATALENGTH", "SCALE", "VERSION", "NULLABLE", "DEFAULTVALUE") VALUES (NULL, 'VD00001', NULL, '0', 'IS_WAIT_DIVIDE', '1', NULL, NULL, 'B9BA41AEEA240621E053B11FA8C03800', 'IS_WAIT_DIVIDE', 'PERF_T_PROJREVIEW', '是否待安排项目', 'N', '22', NULL, '1', '1', NULL);
INSERT INTO BUS_T_DICCOLUMN ("DEID", "CSID", "EXP", "ISSYS", "DBCOLUMNCODE", "ISUSES", "YEAR", "PROVINCE", "COLUMNID", "COLUMNCODE", "TABLECODE", "NAME", "DATATYPE", "DATALENGTH", "SCALE", "VERSION", "NULLABLE", "DEFAULTVALUE") VALUES (NULL, 'VD00001', NULL, '0', 'LASTAUDIT', '1', NULL, NULL, 'B9BA41AEEA250621E053B11FA8C03800', 'LASTAUDIT', 'PERF_T_PROJREVIEW', '是否终审', 'N', '22', NULL, '1', '1', NULL);
INSERT INTO BUS_T_DICCOLUMN ("DEID", "CSID", "EXP", "ISSYS", "DBCOLUMNCODE", "ISUSES", "YEAR", "PROVINCE", "COLUMNID", "COLUMNCODE", "TABLECODE", "NAME", "DATATYPE", "DATALENGTH", "SCALE", "VERSION", "NULLABLE", "DEFAULTVALUE") VALUES (NULL, NULL, NULL, '1', 'LASTUPDATETIME', '1', NULL, NULL, 'B9BA41AEEA260621E053B11FA8C03800', 'LASTUPDATETIME', 'PERF_T_PROJREVIEW', '时间戳', 'S', '17', NULL, '1', '1', NULL);
INSERT INTO BUS_T_DICCOLUMN ("DEID", "CSID", "EXP", "ISSYS", "DBCOLUMNCODE", "ISUSES", "YEAR", "PROVINCE", "COLUMNID", "COLUMNCODE", "TABLECODE", "NAME", "DATATYPE", "DATALENGTH", "SCALE", "VERSION", "NULLABLE", "DEFAULTVALUE") VALUES (NULL, NULL, NULL, '0', 'LEADER_NAME', '1', NULL, NULL, 'B9BA41AEEA270621E053B11FA8C03800', 'LEADER_NAME', 'PERF_T_PROJREVIEW', '负责人姓名', 'S', '100', NULL, '1', '1', NULL);
INSERT INTO BUS_T_DICCOLUMN ("DEID", "CSID", "EXP", "ISSYS", "DBCOLUMNCODE", "ISUSES", "YEAR", "PROVINCE", "COLUMNID", "COLUMNCODE", "TABLECODE", "NAME", "DATATYPE", "DATALENGTH", "SCALE", "VERSION", "NULLABLE", "DEFAULTVALUE") VALUES (NULL, NULL, NULL, '0', 'LEADER_PHONE', '1', NULL, NULL, 'B9BA41AEEA280621E053B11FA8C03800', 'LEADER_PHONE', 'PERF_T_PROJREVIEW', '负责人手机', 'S', '20', NULL, '1', '1', NULL);
INSERT INTO BUS_T_DICCOLUMN ("DEID", "CSID", "EXP", "ISSYS", "DBCOLUMNCODE", "ISUSES", "YEAR", "PROVINCE", "COLUMNID", "COLUMNCODE", "TABLECODE", "NAME", "DATATYPE", "DATALENGTH", "SCALE", "VERSION", "NULLABLE", "DEFAULTVALUE") VALUES (NULL, NULL, NULL, '0', 'LEADER_TEL', '1', NULL, NULL, 'B9BA41AEEA290621E053B11FA8C03800', 'LEADER_TEL', 'PERF_T_PROJREVIEW', '负责人电话', 'S', '20', NULL, '1', '1', NULL);
INSERT INTO BUS_T_DICCOLUMN ("DEID", "CSID", "EXP", "ISSYS", "DBCOLUMNCODE", "ISUSES", "YEAR", "PROVINCE", "COLUMNID", "COLUMNCODE", "TABLECODE", "NAME", "DATATYPE", "DATALENGTH", "SCALE", "VERSION", "NULLABLE", "DEFAULTVALUE") VALUES (NULL, 'VD00010', NULL, '0', 'MANAGE_DEPT_CODE', '1', NULL, NULL, 'B9BA41AEEA2A0621E053B11FA8C03800', 'MANAGE_DEPT_CODE', 'PERF_T_PROJREVIEW', '主管部门代码', 'S', '21', NULL, '1', '1', NULL);
INSERT INTO BUS_T_DICCOLUMN ("DEID", "CSID", "EXP", "ISSYS", "DBCOLUMNCODE", "ISUSES", "YEAR", "PROVINCE", "COLUMNID", "COLUMNCODE", "TABLECODE", "NAME", "DATATYPE", "DATALENGTH", "SCALE", "VERSION", "NULLABLE", "DEFAULTVALUE") VALUES ('DE03026', '099003', NULL, '0', 'MANAGE_MOF_DEP_CODE', '1', NULL, NULL, 'B9BA41AEEA2B0621E053B11FA8C03800', 'MANAGE_MOF_DEP_CODE', 'PERF_T_PROJREVIEW', '主管处室代码', 'S', '6', NULL, '1', '1', NULL);
INSERT INTO BUS_T_DICCOLUMN ("DEID", "CSID", "EXP", "ISSYS", "DBCOLUMNCODE", "ISUSES", "YEAR", "PROVINCE", "COLUMNID", "COLUMNCODE", "TABLECODE", "NAME", "DATATYPE", "DATALENGTH", "SCALE", "VERSION", "NULLABLE", "DEFAULTVALUE") VALUES (NULL, NULL, NULL, '0', 'MID_PLAN_YEAR', '1', NULL, NULL, 'B9BA41AEEA2C0621E053B11FA8C03800', 'MID_PLAN_YEAR', 'PERF_T_PROJREVIEW', '中期规划年度', 'S', '4', NULL, '1', '1', NULL);
INSERT INTO BUS_T_DICCOLUMN ("DEID", "CSID", "EXP", "ISSYS", "DBCOLUMNCODE", "ISUSES", "YEAR", "PROVINCE", "COLUMNID", "COLUMNCODE", "TABLECODE", "NAME", "DATATYPE", "DATALENGTH", "SCALE", "VERSION", "NULLABLE", "DEFAULTVALUE") VALUES (NULL, 'VD09005', NULL, '0', 'MOF_AUD_OPINION_CODE', '1', NULL, NULL, 'B9BA41AEEA2D0621E053B11FA8C03800', 'MOF_AUD_OPINION_CODE', 'PERF_T_PROJREVIEW', '财政审核意见', 'S', '1', NULL, '1', '1', NULL);
INSERT INTO BUS_T_DICCOLUMN ("DEID", "CSID", "EXP", "ISSYS", "DBCOLUMNCODE", "ISUSES", "YEAR", "PROVINCE", "COLUMNID", "COLUMNCODE", "TABLECODE", "NAME", "DATATYPE", "DATALENGTH", "SCALE", "VERSION", "NULLABLE", "DEFAULTVALUE") VALUES ('DE03026', '099003', NULL, '0', 'MOF_DEP_CODE', '1', NULL, NULL, 'B9BA41AEEA2E0621E053B11FA8C03800', 'MOF_DEP_CODE', 'PERF_T_PROJREVIEW', '财政内部机构代码', 'S', '6', NULL, '1', '1', NULL);
INSERT INTO BUS_T_DICCOLUMN ("DEID", "CSID", "EXP", "ISSYS", "DBCOLUMNCODE", "ISUSES", "YEAR", "PROVINCE", "COLUMNID", "COLUMNCODE", "TABLECODE", "NAME", "DATATYPE", "DATALENGTH", "SCALE", "VERSION", "NULLABLE", "DEFAULTVALUE") VALUES (NULL, 'VD08001', NULL, '1', 'MOF_DIV_CODE', '1', NULL, NULL, 'B9BA41AEEA2F0621E053B11FA8C03800', 'MOF_DIV_CODE', 'PERF_T_PROJREVIEW', '财政区划代码', 'S', '9', NULL, '1', '1', NULL);
INSERT INTO BUS_T_DICCOLUMN ("DEID", "CSID", "EXP", "ISSYS", "DBCOLUMNCODE", "ISUSES", "YEAR", "PROVINCE", "COLUMNID", "COLUMNCODE", "TABLECODE", "NAME", "DATATYPE", "DATALENGTH", "SCALE", "VERSION", "NULLABLE", "DEFAULTVALUE") VALUES (NULL, NULL, NULL, '0', 'N_COL1', '1', NULL, NULL, 'B9BA41AEEA300621E053B11FA8C03800', 'N_COL1', 'PERF_T_PROJREVIEW', '备用1', 'N', '22', NULL, '1', '1', NULL);
INSERT INTO BUS_T_DICCOLUMN ("DEID", "CSID", "EXP", "ISSYS", "DBCOLUMNCODE", "ISUSES", "YEAR", "PROVINCE", "COLUMNID", "COLUMNCODE", "TABLECODE", "NAME", "DATATYPE", "DATALENGTH", "SCALE", "VERSION", "NULLABLE", "DEFAULTVALUE") VALUES (NULL, NULL, NULL, '0', 'N_COL2', '1', NULL, NULL, 'B9BA41AEEA310621E053B11FA8C03800', 'N_COL2', 'PERF_T_PROJREVIEW', '备用2', 'N', '22', NULL, '1', '1', NULL);
INSERT INTO BUS_T_DICCOLUMN ("DEID", "CSID", "EXP", "ISSYS", "DBCOLUMNCODE", "ISUSES", "YEAR", "PROVINCE", "COLUMNID", "COLUMNCODE", "TABLECODE", "NAME", "DATATYPE", "DATALENGTH", "SCALE", "VERSION", "NULLABLE", "DEFAULTVALUE") VALUES (NULL, NULL, NULL, '0', 'N_COL3', '1', NULL, NULL, 'B9BA41AEEA320621E053B11FA8C03800', 'N_COL3', 'PERF_T_PROJREVIEW', '备用3', 'N', '22', NULL, '1', '1', NULL);
INSERT INTO BUS_T_DICCOLUMN ("DEID", "CSID", "EXP", "ISSYS", "DBCOLUMNCODE", "ISUSES", "YEAR", "PROVINCE", "COLUMNID", "COLUMNCODE", "TABLECODE", "NAME", "DATATYPE", "DATALENGTH", "SCALE", "VERSION", "NULLABLE", "DEFAULTVALUE") VALUES (NULL, NULL, NULL, '0', 'N_COL4', '1', NULL, NULL, 'B9BA41AEEA330621E053B11FA8C03800', 'N_COL4', 'PERF_T_PROJREVIEW', '备用4', 'N', '22', NULL, '1', '1', NULL);
INSERT INTO BUS_T_DICCOLUMN ("DEID", "CSID", "EXP", "ISSYS", "DBCOLUMNCODE", "ISUSES", "YEAR", "PROVINCE", "COLUMNID", "COLUMNCODE", "TABLECODE", "NAME", "DATATYPE", "DATALENGTH", "SCALE", "VERSION", "NULLABLE", "DEFAULTVALUE") VALUES (NULL, NULL, NULL, '0', 'N_COL5', '1', NULL, NULL, 'B9BA41AEEA340621E053B11FA8C03800', 'N_COL5', 'PERF_T_PROJREVIEW', '备用5', 'N', '22', NULL, '1', '1', NULL);
INSERT INTO BUS_T_DICCOLUMN ("DEID", "CSID", "EXP", "ISSYS", "DBCOLUMNCODE", "ISUSES", "YEAR", "PROVINCE", "COLUMNID", "COLUMNCODE", "TABLECODE", "NAME", "DATATYPE", "DATALENGTH", "SCALE", "VERSION", "NULLABLE", "DEFAULTVALUE") VALUES (NULL, NULL, NULL, '0', 'N_COL6', '1', NULL, NULL, 'B9BA41AEEA350621E053B11FA8C03800', 'N_COL6', 'PERF_T_PROJREVIEW', '备用6', 'N', '22', NULL, '1', '1', NULL);
INSERT INTO BUS_T_DICCOLUMN ("DEID", "CSID", "EXP", "ISSYS", "DBCOLUMNCODE", "ISUSES", "YEAR", "PROVINCE", "COLUMNID", "COLUMNCODE", "TABLECODE", "NAME", "DATATYPE", "DATALENGTH", "SCALE", "VERSION", "NULLABLE", "DEFAULTVALUE") VALUES (NULL, NULL, NULL, '0', 'N_COL7', '1', NULL, NULL, 'B9BA41AEEA360621E053B11FA8C03800', 'N_COL7', 'PERF_T_PROJREVIEW', '备用7', 'N', '22', NULL, '1', '1', NULL);
INSERT INTO BUS_T_DICCOLUMN ("DEID", "CSID", "EXP", "ISSYS", "DBCOLUMNCODE", "ISUSES", "YEAR", "PROVINCE", "COLUMNID", "COLUMNCODE", "TABLECODE", "NAME", "DATATYPE", "DATALENGTH", "SCALE", "VERSION", "NULLABLE", "DEFAULTVALUE") VALUES (NULL, NULL, NULL, '0', 'N_COL8', '1', NULL, NULL, 'B9BA41AEEA370621E053B11FA8C03800', 'N_COL8', 'PERF_T_PROJREVIEW', '备用8', 'N', '22', NULL, '1', '1', NULL);
INSERT INTO BUS_T_DICCOLUMN ("DEID", "CSID", "EXP", "ISSYS", "DBCOLUMNCODE", "ISUSES", "YEAR", "PROVINCE", "COLUMNID", "COLUMNCODE", "TABLECODE", "NAME", "DATATYPE", "DATALENGTH", "SCALE", "VERSION", "NULLABLE", "DEFAULTVALUE") VALUES (NULL, NULL, NULL, '0', 'ORDERNO1', '1', NULL, NULL, 'B9BA41AEEA380621E053B11FA8C03800', 'ORDERNO1', 'PERF_T_PROJREVIEW', '单位排序', 'N', '22', NULL, '1', '1', NULL);
INSERT INTO BUS_T_DICCOLUMN ("DEID", "CSID", "EXP", "ISSYS", "DBCOLUMNCODE", "ISUSES", "YEAR", "PROVINCE", "COLUMNID", "COLUMNCODE", "TABLECODE", "NAME", "DATATYPE", "DATALENGTH", "SCALE", "VERSION", "NULLABLE", "DEFAULTVALUE") VALUES (NULL, NULL, NULL, '0', 'ORDERNO2', '1', NULL, NULL, 'B9BA41AEEA390621E053B11FA8C03800', 'ORDERNO2', 'PERF_T_PROJREVIEW', '部门排序', 'N', '22', NULL, '1', '1', NULL);
INSERT INTO BUS_T_DICCOLUMN ("DEID", "CSID", "EXP", "ISSYS", "DBCOLUMNCODE", "ISUSES", "YEAR", "PROVINCE", "COLUMNID", "COLUMNCODE", "TABLECODE", "NAME", "DATATYPE", "DATALENGTH", "SCALE", "VERSION", "NULLABLE", "DEFAULTVALUE") VALUES (NULL, NULL, NULL, '0', 'ORDERNO3', '1', NULL, NULL, 'B9BA41AEEA3A0621E053B11FA8C03800', 'ORDERNO3', 'PERF_T_PROJREVIEW', '处室排序', 'N', '22', NULL, '1', '1', NULL);
INSERT INTO BUS_T_DICCOLUMN ("DEID", "CSID", "EXP", "ISSYS", "DBCOLUMNCODE", "ISUSES", "YEAR", "PROVINCE", "COLUMNID", "COLUMNCODE", "TABLECODE", "NAME", "DATATYPE", "DATALENGTH", "SCALE", "VERSION", "NULLABLE", "DEFAULTVALUE") VALUES (NULL, NULL, NULL, '0', 'ORDERNO4', '1', NULL, NULL, 'B9BA41AEEA3B0621E053B11FA8C03800', 'ORDERNO4', 'PERF_T_PROJREVIEW', '预算排序', 'N', '22', NULL, '1', '1', NULL);
INSERT INTO BUS_T_DICCOLUMN ("DEID", "CSID", "EXP", "ISSYS", "DBCOLUMNCODE", "ISUSES", "YEAR", "PROVINCE", "COLUMNID", "COLUMNCODE", "TABLECODE", "NAME", "DATATYPE", "DATALENGTH", "SCALE", "VERSION", "NULLABLE", "DEFAULTVALUE") VALUES (NULL, NULL, NULL, '1', 'PROGUID', '1', NULL, NULL, 'B9BA41AEEA136021E053B11FA8C03800', 'PROGUID', 'PERF_T_PROJREVIEW', '项目表GUID', 'S', '32', NULL, '1', '1', NULL);
INSERT INTO BUS_T_DICCOLUMN ("DEID", "CSID", "EXP", "ISSYS", "DBCOLUMNCODE", "ISUSES", "YEAR", "PROVINCE", "COLUMNID", "COLUMNCODE", "TABLECODE", "NAME", "DATATYPE", "DATALENGTH", "SCALE", "VERSION", "NULLABLE", "DEFAULTVALUE") VALUES (NULL, 'PDMPROJECTKINDEXTEND', NULL, '0', 'PROJECTKIND', '1', NULL, NULL, 'B9BA41AEEA3C0621E053B11FA8C03800', 'PROJECTKIND', 'PERF_T_PROJREVIEW', '支出项目类别', 'S', '32', NULL, '1', '1', NULL);
INSERT INTO BUS_T_DICCOLUMN ("DEID", "CSID", "EXP", "ISSYS", "DBCOLUMNCODE", "ISUSES", "YEAR", "PROVINCE", "COLUMNID", "COLUMNCODE", "TABLECODE", "NAME", "DATATYPE", "DATALENGTH", "SCALE", "VERSION", "NULLABLE", "DEFAULTVALUE") VALUES (NULL, NULL, NULL, '1', 'PROVINCE', '1', NULL, NULL, 'B9BA41AEEA3D0621E053B11FA8C03800', 'PROVINCE', 'PERF_T_PROJREVIEW', '区划', 'S', '9', NULL, '1', '1', NULL);
INSERT INTO BUS_T_DICCOLUMN ("DEID", "CSID", "EXP", "ISSYS", "DBCOLUMNCODE", "ISUSES", "YEAR", "PROVINCE", "COLUMNID", "COLUMNCODE", "TABLECODE", "NAME", "DATATYPE", "DATALENGTH", "SCALE", "VERSION", "NULLABLE", "DEFAULTVALUE") VALUES (NULL, NULL, NULL, '0', 'PRO_BGTREVIEW', '1', NULL, NULL, 'B9BA41AEEA3E0621E053B11FA8C03800', 'PRO_BGTREVIEW', 'PERF_T_PROJREVIEW', '财政评审意见', 'S', '4000', NULL, '1', '1', NULL);
INSERT INTO BUS_T_DICCOLUMN ("DEID", "CSID", "EXP", "ISSYS", "DBCOLUMNCODE", "ISUSES", "YEAR", "PROVINCE", "COLUMNID", "COLUMNCODE", "TABLECODE", "NAME", "DATATYPE", "DATALENGTH", "SCALE", "VERSION", "NULLABLE", "DEFAULTVALUE") VALUES (NULL, 'PDMVD09001', NULL, '0', 'PRO_CAT_CODE', '1', NULL, NULL, 'B9BA41AEEA3F0621E053B11FA8C03800', 'PRO_CAT_CODE', 'PERF_T_PROJREVIEW', '项目类别', 'S', '2', NULL, '1', '1', NULL);
INSERT INTO BUS_T_DICCOLUMN ("DEID", "CSID", "EXP", "ISSYS", "DBCOLUMNCODE", "ISUSES", "YEAR", "PROVINCE", "COLUMNID", "COLUMNCODE", "TABLECODE", "NAME", "DATATYPE", "DATALENGTH", "SCALE", "VERSION", "NULLABLE", "DEFAULTVALUE") VALUES (NULL, NULL, NULL, '0', 'PRO_CODE', '1', NULL, NULL, 'B9BA41AEEA400621E053B11FA8C03800', 'PRO_CODE', 'PERF_T_PROJREVIEW', '项目代码', 'S', '21', NULL, '1', '1', NULL);
INSERT INTO BUS_T_DICCOLUMN ("DEID", "CSID", "EXP", "ISSYS", "DBCOLUMNCODE", "ISUSES", "YEAR", "PROVINCE", "COLUMNID", "COLUMNCODE", "TABLECODE", "NAME", "DATATYPE", "DATALENGTH", "SCALE", "VERSION", "NULLABLE", "DEFAULTVALUE") VALUES (NULL, NULL, NULL, '0', 'PRO_DEPREVIEW', '1', NULL, NULL, 'B9BA41AEEA410621E053B11FA8C03800', 'PRO_DEPREVIEW', 'PERF_T_PROJREVIEW', '部门评审意见', 'S', '4000', NULL, '1', '1', NULL);
INSERT INTO BUS_T_DICCOLUMN ("DEID", "CSID", "EXP", "ISSYS", "DBCOLUMNCODE", "ISUSES", "YEAR", "PROVINCE", "COLUMNID", "COLUMNCODE", "TABLECODE", "NAME", "DATATYPE", "DATALENGTH", "SCALE", "VERSION", "NULLABLE", "DEFAULTVALUE") VALUES (NULL, NULL, NULL, '0', 'PRO_DESC', '1', NULL, NULL, 'B9BA41AEEA420621E053B11FA8C03800', 'PRO_DESC', 'PERF_T_PROJREVIEW', '项目概述', 'S', '600', NULL, '1', '1', NULL);
INSERT INTO BUS_T_DICCOLUMN ("DEID", "CSID", "EXP", "ISSYS", "DBCOLUMNCODE", "ISUSES", "YEAR", "PROVINCE", "COLUMNID", "COLUMNCODE", "TABLECODE", "NAME", "DATATYPE", "DATALENGTH", "SCALE", "VERSION", "NULLABLE", "DEFAULTVALUE") VALUES (NULL, NULL, NULL, '0', 'PRO_ID', '1', NULL, NULL, 'B9BA41AEEA430621E053B11FA8C03800', 'PRO_ID', 'PERF_T_PROJREVIEW', '项目主键', 'S', '38', NULL, '1', '1', NULL);
INSERT INTO BUS_T_DICCOLUMN ("DEID", "CSID", "EXP", "ISSYS", "DBCOLUMNCODE", "ISUSES", "YEAR", "PROVINCE", "COLUMNID", "COLUMNCODE", "TABLECODE", "NAME", "DATATYPE", "DATALENGTH", "SCALE", "VERSION", "NULLABLE", "DEFAULTVALUE") VALUES (NULL, NULL, NULL, '0', 'PRO_LEV', '1', NULL, NULL, 'B9BA41AEEA440621E053B11FA8C03800', 'PRO_LEV', 'PERF_T_PROJREVIEW', '项目级次', 'S', '2', NULL, '1', '1', NULL);
INSERT INTO BUS_T_DICCOLUMN ("DEID", "CSID", "EXP", "ISSYS", "DBCOLUMNCODE", "ISUSES", "YEAR", "PROVINCE", "COLUMNID", "COLUMNCODE", "TABLECODE", "NAME", "DATATYPE", "DATALENGTH", "SCALE", "VERSION", "NULLABLE", "DEFAULTVALUE") VALUES (NULL, 'PDMDICPROJECT', NULL, '0', 'PRO_LEVONE_CODE', '1', NULL, NULL, 'B9BA41AEEA450621E053B11FA8C03800', 'PRO_LEVONE_CODE', 'PERF_T_PROJREVIEW', '一级项目编码', 'S', '21', NULL, '1', '1', NULL);
INSERT INTO BUS_T_DICCOLUMN ("DEID", "CSID", "EXP", "ISSYS", "DBCOLUMNCODE", "ISUSES", "YEAR", "PROVINCE", "COLUMNID", "COLUMNCODE", "TABLECODE", "NAME", "DATATYPE", "DATALENGTH", "SCALE", "VERSION", "NULLABLE", "DEFAULTVALUE") VALUES (NULL, NULL, NULL, '0', 'PRO_LEVONE_ID', '1', NULL, NULL, 'B9BA41AEEA460621E053B11FA8C03800', 'PRO_LEVONE_ID', 'PERF_T_PROJREVIEW', '一级项目主键', 'S', '38', NULL, '1', '1', NULL);
INSERT INTO BUS_T_DICCOLUMN ("DEID", "CSID", "EXP", "ISSYS", "DBCOLUMNCODE", "ISUSES", "YEAR", "PROVINCE", "COLUMNID", "COLUMNCODE", "TABLECODE", "NAME", "DATATYPE", "DATALENGTH", "SCALE", "VERSION", "NULLABLE", "DEFAULTVALUE") VALUES (NULL, NULL, NULL, '0', 'PRO_LEVONE_NAME', '1', NULL, NULL, 'B9BA41AEEA470621E053B11FA8C03800', 'PRO_LEVONE_NAME', 'PERF_T_PROJREVIEW', '一级项目名称', 'S', '180', NULL, '1', '1', NULL);
INSERT INTO BUS_T_DICCOLUMN ("DEID", "CSID", "EXP", "ISSYS", "DBCOLUMNCODE", "ISUSES", "YEAR", "PROVINCE", "COLUMNID", "COLUMNCODE", "TABLECODE", "NAME", "DATATYPE", "DATALENGTH", "SCALE", "VERSION", "NULLABLE", "DEFAULTVALUE") VALUES (NULL, NULL, NULL, '0', 'PRO_NAME', '1', NULL, NULL, 'B9BA41AEEA480621E053B11FA8C03800', 'PRO_NAME', 'PERF_T_PROJREVIEW', '项目名称', 'S', '360', NULL, '1', '1', NULL);
INSERT INTO BUS_T_DICCOLUMN ("DEID", "CSID", "EXP", "ISSYS", "DBCOLUMNCODE", "ISUSES", "YEAR", "PROVINCE", "COLUMNID", "COLUMNCODE", "TABLECODE", "NAME", "DATATYPE", "DATALENGTH", "SCALE", "VERSION", "NULLABLE", "DEFAULTVALUE") VALUES (NULL, NULL, NULL, '0', 'PRO_PHASE', '1', NULL, NULL, 'B9BA41AEEA490621E053B11FA8C03800', 'PRO_PHASE', 'PERF_T_PROJREVIEW', '项目阶段', 'S', '2', NULL, '1', '1', NULL);
INSERT INTO BUS_T_DICCOLUMN ("DEID", "CSID", "EXP", "ISSYS", "DBCOLUMNCODE", "ISUSES", "YEAR", "PROVINCE", "COLUMNID", "COLUMNCODE", "TABLECODE", "NAME", "DATATYPE", "DATALENGTH", "SCALE", "VERSION", "NULLABLE", "DEFAULTVALUE") VALUES (NULL, 'VD09007', NULL, '0', 'PRO_SOURCE_CODE', '1', NULL, NULL, 'B9BA41AEEA4A0621E053B11FA8C03800', 'PRO_SOURCE_CODE', 'PERF_T_PROJREVIEW', '项目来源代码', 'S', '1', NULL, '1', '1', NULL);
INSERT INTO BUS_T_DICCOLUMN ("DEID", "CSID", "EXP", "ISSYS", "DBCOLUMNCODE", "ISUSES", "YEAR", "PROVINCE", "COLUMNID", "COLUMNCODE", "TABLECODE", "NAME", "DATATYPE", "DATALENGTH", "SCALE", "VERSION", "NULLABLE", "DEFAULTVALUE") VALUES (NULL, 'PDMBDGYEAR', NULL, '0', 'PRO_START_YEAR', '1', NULL, NULL, 'B9BA41AEEA4B0621E053B11FA8C03800', 'PRO_START_YEAR', 'PERF_T_PROJREVIEW', '起始时间', 'S', '4', NULL, '1', '1', NULL);
INSERT INTO BUS_T_DICCOLUMN ("DEID", "CSID", "EXP", "ISSYS", "DBCOLUMNCODE", "ISUSES", "YEAR", "PROVINCE", "COLUMNID", "COLUMNCODE", "TABLECODE", "NAME", "DATATYPE", "DATALENGTH", "SCALE", "VERSION", "NULLABLE", "DEFAULTVALUE") VALUES (NULL, 'PDMPROTERM', NULL, '0', 'PRO_TERM', '1', NULL, NULL, 'B9BA41AEEA4C0621E053B11FA8C03800', 'PRO_TERM', 'PERF_T_PROJREVIEW', '项目期限', 'S', '2', NULL, '1', '1', NULL);
INSERT INTO BUS_T_DICCOLUMN ("DEID", "CSID", "EXP", "ISSYS", "DBCOLUMNCODE", "ISUSES", "YEAR", "PROVINCE", "COLUMNID", "COLUMNCODE", "TABLECODE", "NAME", "DATATYPE", "DATALENGTH", "SCALE", "VERSION", "NULLABLE", "DEFAULTVALUE") VALUES (NULL, NULL, NULL, '0', 'PRO_TOTAL_AMT', '1', NULL, NULL, 'B9BA41AEEA4D0621E053B11FA8C03800', 'PRO_TOTAL_AMT', 'PERF_T_PROJREVIEW', '项目总额', 'N', '22', NULL, '1', '1', NULL);
INSERT INTO BUS_T_DICCOLUMN ("DEID", "CSID", "EXP", "ISSYS", "DBCOLUMNCODE", "ISUSES", "YEAR", "PROVINCE", "COLUMNID", "COLUMNCODE", "TABLECODE", "NAME", "DATATYPE", "DATALENGTH", "SCALE", "VERSION", "NULLABLE", "DEFAULTVALUE") VALUES (NULL, NULL, NULL, '0', 'SCOI_INVEST_FUND', '1', NULL, NULL, 'B9BA41AEEA4E0621E053B11FA8C03800', 'SCOI_INVEST_FUND', 'PERF_T_PROJREVIEW', '其中：社会投入资金', 'N', '22', NULL, '1', '1', NULL);
INSERT INTO BUS_T_DICCOLUMN ("DEID", "CSID", "EXP", "ISSYS", "DBCOLUMNCODE", "ISUSES", "YEAR", "PROVINCE", "COLUMNID", "COLUMNCODE", "TABLECODE", "NAME", "DATATYPE", "DATALENGTH", "SCALE", "VERSION", "NULLABLE", "DEFAULTVALUE") VALUES (NULL, 'PDMBDGYEAR', NULL, '0', 'SETUP_YEAR', '1', NULL, NULL, 'B9BA41AEEA4F0621E053B11FA8C03800', 'SETUP_YEAR', 'PERF_T_PROJREVIEW', '设立年度', 'S', '4', NULL, '1', '1', NULL);
INSERT INTO BUS_T_DICCOLUMN ("DEID", "CSID", "EXP", "ISSYS", "DBCOLUMNCODE", "ISUSES", "YEAR", "PROVINCE", "COLUMNID", "COLUMNCODE", "TABLECODE", "NAME", "DATATYPE", "DATALENGTH", "SCALE", "VERSION", "NULLABLE", "DEFAULTVALUE") VALUES (NULL, NULL, NULL, '0', 'STORE_PHASE', '1', NULL, NULL, 'B9BA41AEEA500621E053B11FA8C03800', 'STORE_PHASE', 'PERF_T_PROJREVIEW', '储备阶段', 'S', '2', NULL, '1', '1', NULL);
INSERT INTO BUS_T_DICCOLUMN ("DEID", "CSID", "EXP", "ISSYS", "DBCOLUMNCODE", "ISUSES", "YEAR", "PROVINCE", "COLUMNID", "COLUMNCODE", "TABLECODE", "NAME", "DATATYPE", "DATALENGTH", "SCALE", "VERSION", "NULLABLE", "DEFAULTVALUE") VALUES ('DE03002', 'VD00010', NULL, '0', 'TRAOBJ_AGENCY_CODE', '1', NULL, NULL, 'B9BA41AEEA510621E053B11FA8C03800', 'TRAOBJ_AGENCY_CODE', 'PERF_T_PROJREVIEW', '去向单位代码', 'S', '21', NULL, '1', '1', NULL);
INSERT INTO BUS_T_DICCOLUMN ("DEID", "CSID", "EXP", "ISSYS", "DBCOLUMNCODE", "ISUSES", "YEAR", "PROVINCE", "COLUMNID", "COLUMNCODE", "TABLECODE", "NAME", "DATATYPE", "DATALENGTH", "SCALE", "VERSION", "NULLABLE", "DEFAULTVALUE") VALUES (NULL, NULL, NULL, '0', 'UPDATE_TIME', '1', NULL, NULL, 'B9BA41AEEA520621E053B11FA8C03800', 'UPDATE_TIME', 'PERF_T_PROJREVIEW', '更新时间', 'S', '14', NULL, '1', '1', NULL);
INSERT INTO BUS_T_DICCOLUMN ("DEID", "CSID", "EXP", "ISSYS", "DBCOLUMNCODE", "ISUSES", "YEAR", "PROVINCE", "COLUMNID", "COLUMNCODE", "TABLECODE", "NAME", "DATATYPE", "DATALENGTH", "SCALE", "VERSION", "NULLABLE", "DEFAULTVALUE") VALUES (NULL, 'PDMPAVOUCHER', NULL, '0', 'VCHTYPEID', '1', NULL, NULL, 'B9BA41AEEA530621E053B11FA8C03800', 'VCHTYPEID', 'PERF_T_PROJREVIEW', '凭证号', 'S', '32', NULL, '1', '1', NULL);
INSERT INTO BUS_T_DICCOLUMN ("DEID", "CSID", "EXP", "ISSYS", "DBCOLUMNCODE", "ISUSES", "YEAR", "PROVINCE", "COLUMNID", "COLUMNCODE", "TABLECODE", "NAME", "DATATYPE", "DATALENGTH", "SCALE", "VERSION", "NULLABLE", "DEFAULTVALUE") VALUES (NULL, NULL, NULL, '0', 'VERSION', '1', NULL, NULL, 'B9BA41AEEA540621E053B11FA8C03800', 'VERSION', 'PERF_T_PROJREVIEW', '版本号', 'S', '38', NULL, '1', '1', NULL);
INSERT INTO BUS_T_DICCOLUMN ("DEID", "CSID", "EXP", "ISSYS", "DBCOLUMNCODE", "ISUSES", "YEAR", "PROVINCE", "COLUMNID", "COLUMNCODE", "TABLECODE", "NAME", "DATATYPE", "DATALENGTH", "SCALE", "VERSION", "NULLABLE", "DEFAULTVALUE") VALUES (NULL, NULL, NULL, '0', 'VERSION_NAME', '1', NULL, NULL, 'B9BA41AEEA550621E053B11FA8C03800', 'VERSION_NAME', 'PERF_T_PROJREVIEW', '版本说明', 'S', '800', NULL, '1', '1', NULL);
INSERT INTO BUS_T_DICCOLUMN ("DEID", "CSID", "EXP", "ISSYS", "DBCOLUMNCODE", "ISUSES", "YEAR", "PROVINCE", "COLUMNID", "COLUMNCODE", "TABLECODE", "NAME", "DATATYPE", "DATALENGTH", "SCALE", "VERSION", "NULLABLE", "DEFAULTVALUE") VALUES (NULL, NULL, NULL, '0', 'V_COL1', '1', NULL, NULL, 'B9BA41AEEA560621E053B11FA8C03800', 'V_COL1', 'PERF_T_PROJREVIEW', '备用1', 'S', '300', NULL, '1', '1', NULL);
INSERT INTO BUS_T_DICCOLUMN ("DEID", "CSID", "EXP", "ISSYS", "DBCOLUMNCODE", "ISUSES", "YEAR", "PROVINCE", "COLUMNID", "COLUMNCODE", "TABLECODE", "NAME", "DATATYPE", "DATALENGTH", "SCALE", "VERSION", "NULLABLE", "DEFAULTVALUE") VALUES (NULL, NULL, NULL, '0', 'V_COL10', '1', NULL, NULL, 'B9BA41AEEA570621E053B11FA8C03800', 'V_COL10', 'PERF_T_PROJREVIEW', '备用10', 'S', '300', NULL, '1', '1', NULL);
INSERT INTO BUS_T_DICCOLUMN ("DEID", "CSID", "EXP", "ISSYS", "DBCOLUMNCODE", "ISUSES", "YEAR", "PROVINCE", "COLUMNID", "COLUMNCODE", "TABLECODE", "NAME", "DATATYPE", "DATALENGTH", "SCALE", "VERSION", "NULLABLE", "DEFAULTVALUE") VALUES (NULL, NULL, NULL, '0', 'V_COL11', '1', NULL, NULL, 'B9BA41AEEA580621E053B11FA8C03800', 'V_COL11', 'PERF_T_PROJREVIEW', '备用11', 'S', '300', NULL, '1', '1', NULL);
INSERT INTO BUS_T_DICCOLUMN ("DEID", "CSID", "EXP", "ISSYS", "DBCOLUMNCODE", "ISUSES", "YEAR", "PROVINCE", "COLUMNID", "COLUMNCODE", "TABLECODE", "NAME", "DATATYPE", "DATALENGTH", "SCALE", "VERSION", "NULLABLE", "DEFAULTVALUE") VALUES (NULL, NULL, NULL, '0', 'V_COL12', '1', NULL, NULL, 'B9BA41AEEA590621E053B11FA8C03800', 'V_COL12', 'PERF_T_PROJREVIEW', '备用12', 'S', '300', NULL, '1', '1', NULL);
INSERT INTO BUS_T_DICCOLUMN ("DEID", "CSID", "EXP", "ISSYS", "DBCOLUMNCODE", "ISUSES", "YEAR", "PROVINCE", "COLUMNID", "COLUMNCODE", "TABLECODE", "NAME", "DATATYPE", "DATALENGTH", "SCALE", "VERSION", "NULLABLE", "DEFAULTVALUE") VALUES (NULL, NULL, NULL, '0', 'V_COL13', '1', NULL, NULL, 'B9BA41AEEA5A0621E053B11FA8C03800', 'V_COL13', 'PERF_T_PROJREVIEW', '备用13', 'S', '300', NULL, '1', '1', NULL);
INSERT INTO BUS_T_DICCOLUMN ("DEID", "CSID", "EXP", "ISSYS", "DBCOLUMNCODE", "ISUSES", "YEAR", "PROVINCE", "COLUMNID", "COLUMNCODE", "TABLECODE", "NAME", "DATATYPE", "DATALENGTH", "SCALE", "VERSION", "NULLABLE", "DEFAULTVALUE") VALUES (NULL, NULL, NULL, '0', 'V_COL14', '1', NULL, NULL, 'B9BA41AEEA5B0621E053B11FA8C03800', 'V_COL14', 'PERF_T_PROJREVIEW', '备用14', 'S', '300', NULL, '1', '1', NULL);
INSERT INTO BUS_T_DICCOLUMN ("DEID", "CSID", "EXP", "ISSYS", "DBCOLUMNCODE", "ISUSES", "YEAR", "PROVINCE", "COLUMNID", "COLUMNCODE", "TABLECODE", "NAME", "DATATYPE", "DATALENGTH", "SCALE", "VERSION", "NULLABLE", "DEFAULTVALUE") VALUES (NULL, NULL, NULL, '0', 'V_COL15', '1', NULL, NULL, 'B9BA41AEEA5C0621E053B11FA8C03800', 'V_COL15', 'PERF_T_PROJREVIEW', '备用15', 'S', '300', NULL, '1', '1', NULL);
INSERT INTO BUS_T_DICCOLUMN ("DEID", "CSID", "EXP", "ISSYS", "DBCOLUMNCODE", "ISUSES", "YEAR", "PROVINCE", "COLUMNID", "COLUMNCODE", "TABLECODE", "NAME", "DATATYPE", "DATALENGTH", "SCALE", "VERSION", "NULLABLE", "DEFAULTVALUE") VALUES (NULL, NULL, NULL, '0', 'V_COL16', '1', NULL, NULL, 'B9BA41AEEA5D0621E053B11FA8C03800', 'V_COL16', 'PERF_T_PROJREVIEW', '备用16', 'S', '300', NULL, '1', '1', NULL);
INSERT INTO BUS_T_DICCOLUMN ("DEID", "CSID", "EXP", "ISSYS", "DBCOLUMNCODE", "ISUSES", "YEAR", "PROVINCE", "COLUMNID", "COLUMNCODE", "TABLECODE", "NAME", "DATATYPE", "DATALENGTH", "SCALE", "VERSION", "NULLABLE", "DEFAULTVALUE") VALUES (NULL, NULL, NULL, '0', 'V_COL17', '1', NULL, NULL, 'B9BA41AEEA5E0621E053B11FA8C03800', 'V_COL17', 'PERF_T_PROJREVIEW', '备用17', 'S', '300', NULL, '1', '1', NULL);
INSERT INTO BUS_T_DICCOLUMN ("DEID", "CSID", "EXP", "ISSYS", "DBCOLUMNCODE", "ISUSES", "YEAR", "PROVINCE", "COLUMNID", "COLUMNCODE", "TABLECODE", "NAME", "DATATYPE", "DATALENGTH", "SCALE", "VERSION", "NULLABLE", "DEFAULTVALUE") VALUES (NULL, NULL, NULL, '0', 'V_COL18', '1', NULL, NULL, 'B9BA41AEEA5F0621E053B11FA8C03800', 'V_COL18', 'PERF_T_PROJREVIEW', '备用18', 'S', '300', NULL, '1', '1', NULL);
INSERT INTO BUS_T_DICCOLUMN ("DEID", "CSID", "EXP", "ISSYS", "DBCOLUMNCODE", "ISUSES", "YEAR", "PROVINCE", "COLUMNID", "COLUMNCODE", "TABLECODE", "NAME", "DATATYPE", "DATALENGTH", "SCALE", "VERSION", "NULLABLE", "DEFAULTVALUE") VALUES (NULL, NULL, NULL, '0', 'V_COL19', '1', NULL, NULL, 'B9BA41AEEA600621E053B11FA8C03800', 'V_COL19', 'PERF_T_PROJREVIEW', '备用19', 'S', '300', NULL, '1', '1', NULL);
INSERT INTO BUS_T_DICCOLUMN ("DEID", "CSID", "EXP", "ISSYS", "DBCOLUMNCODE", "ISUSES", "YEAR", "PROVINCE", "COLUMNID", "COLUMNCODE", "TABLECODE", "NAME", "DATATYPE", "DATALENGTH", "SCALE", "VERSION", "NULLABLE", "DEFAULTVALUE") VALUES (NULL, NULL, NULL, '0', 'V_COL2', '1', NULL, NULL, 'B9BA41AEEA610621E053B11FA8C03800', 'V_COL2', 'PERF_T_PROJREVIEW', '备用2', 'S', '300', NULL, '1', '1', NULL);
INSERT INTO BUS_T_DICCOLUMN ("DEID", "CSID", "EXP", "ISSYS", "DBCOLUMNCODE", "ISUSES", "YEAR", "PROVINCE", "COLUMNID", "COLUMNCODE", "TABLECODE", "NAME", "DATATYPE", "DATALENGTH", "SCALE", "VERSION", "NULLABLE", "DEFAULTVALUE") VALUES (NULL, NULL, NULL, '0', 'V_COL20', '1', NULL, NULL, 'B9BA41AEEA620621E053B11FA8C03800', 'V_COL20', 'PERF_T_PROJREVIEW', '备用20', 'S', '300', NULL, '1', '1', NULL);
INSERT INTO BUS_T_DICCOLUMN ("DEID", "CSID", "EXP", "ISSYS", "DBCOLUMNCODE", "ISUSES", "YEAR", "PROVINCE", "COLUMNID", "COLUMNCODE", "TABLECODE", "NAME", "DATATYPE", "DATALENGTH", "SCALE", "VERSION", "NULLABLE", "DEFAULTVALUE") VALUES (NULL, NULL, NULL, '0', 'V_COL21', '1', NULL, NULL, 'B9BA41AEEA630621E053B11FA8C03800', 'V_COL21', 'PERF_T_PROJREVIEW', '备用21', 'S', '300', NULL, '1', '1', NULL);
INSERT INTO BUS_T_DICCOLUMN ("DEID", "CSID", "EXP", "ISSYS", "DBCOLUMNCODE", "ISUSES", "YEAR", "PROVINCE", "COLUMNID", "COLUMNCODE", "TABLECODE", "NAME", "DATATYPE", "DATALENGTH", "SCALE", "VERSION", "NULLABLE", "DEFAULTVALUE") VALUES (NULL, NULL, NULL, '0', 'V_COL22', '1', NULL, NULL, 'B9BA41AEEA640621E053B11FA8C03800', 'V_COL22', 'PERF_T_PROJREVIEW', '备用22', 'S', '300', NULL, '1', '1', NULL);
INSERT INTO BUS_T_DICCOLUMN ("DEID", "CSID", "EXP", "ISSYS", "DBCOLUMNCODE", "ISUSES", "YEAR", "PROVINCE", "COLUMNID", "COLUMNCODE", "TABLECODE", "NAME", "DATATYPE", "DATALENGTH", "SCALE", "VERSION", "NULLABLE", "DEFAULTVALUE") VALUES (NULL, NULL, NULL, '0', 'V_COL23', '1', NULL, NULL, 'B9BA41AEEA650621E053B11FA8C03800', 'V_COL23', 'PERF_T_PROJREVIEW', '备用23', 'S', '300', NULL, '1', '1', NULL);
INSERT INTO BUS_T_DICCOLUMN ("DEID", "CSID", "EXP", "ISSYS", "DBCOLUMNCODE", "ISUSES", "YEAR", "PROVINCE", "COLUMNID", "COLUMNCODE", "TABLECODE", "NAME", "DATATYPE", "DATALENGTH", "SCALE", "VERSION", "NULLABLE", "DEFAULTVALUE") VALUES (NULL, NULL, NULL, '0', 'V_COL24', '1', NULL, NULL, 'B9BA41AEEA660621E053B11FA8C03800', 'V_COL24', 'PERF_T_PROJREVIEW', '备用24', 'S', '300', NULL, '1', '1', NULL);
INSERT INTO BUS_T_DICCOLUMN ("DEID", "CSID", "EXP", "ISSYS", "DBCOLUMNCODE", "ISUSES", "YEAR", "PROVINCE", "COLUMNID", "COLUMNCODE", "TABLECODE", "NAME", "DATATYPE", "DATALENGTH", "SCALE", "VERSION", "NULLABLE", "DEFAULTVALUE") VALUES (NULL, NULL, NULL, '0', 'V_COL25', '1', NULL, NULL, 'B9BA41AEEA670621E053B11FA8C03800', 'V_COL25', 'PERF_T_PROJREVIEW', '备用25', 'S', '300', NULL, '1', '1', NULL);
INSERT INTO BUS_T_DICCOLUMN ("DEID", "CSID", "EXP", "ISSYS", "DBCOLUMNCODE", "ISUSES", "YEAR", "PROVINCE", "COLUMNID", "COLUMNCODE", "TABLECODE", "NAME", "DATATYPE", "DATALENGTH", "SCALE", "VERSION", "NULLABLE", "DEFAULTVALUE") VALUES (NULL, NULL, NULL, '0', 'V_COL26', '1', NULL, NULL, 'B9BA41AEEA680621E053B11FA8C03800', 'V_COL26', 'PERF_T_PROJREVIEW', '备用26', 'S', '300', NULL, '1', '1', NULL);
INSERT INTO BUS_T_DICCOLUMN ("DEID", "CSID", "EXP", "ISSYS", "DBCOLUMNCODE", "ISUSES", "YEAR", "PROVINCE", "COLUMNID", "COLUMNCODE", "TABLECODE", "NAME", "DATATYPE", "DATALENGTH", "SCALE", "VERSION", "NULLABLE", "DEFAULTVALUE") VALUES (NULL, NULL, NULL, '0', 'V_COL27', '1', NULL, NULL, 'B9BA41AEEA690621E053B11FA8C03800', 'V_COL27', 'PERF_T_PROJREVIEW', '备用27', 'S', '300', NULL, '1', '1', NULL);
INSERT INTO BUS_T_DICCOLUMN ("DEID", "CSID", "EXP", "ISSYS", "DBCOLUMNCODE", "ISUSES", "YEAR", "PROVINCE", "COLUMNID", "COLUMNCODE", "TABLECODE", "NAME", "DATATYPE", "DATALENGTH", "SCALE", "VERSION", "NULLABLE", "DEFAULTVALUE") VALUES (NULL, NULL, NULL, '0', 'V_COL28', '1', NULL, NULL, 'B9BA41AEEA6A0621E053B11FA8C03800', 'V_COL28', 'PERF_T_PROJREVIEW', '备用28', 'S', '300', NULL, '1', '1', NULL);
INSERT INTO BUS_T_DICCOLUMN ("DEID", "CSID", "EXP", "ISSYS", "DBCOLUMNCODE", "ISUSES", "YEAR", "PROVINCE", "COLUMNID", "COLUMNCODE", "TABLECODE", "NAME", "DATATYPE", "DATALENGTH", "SCALE", "VERSION", "NULLABLE", "DEFAULTVALUE") VALUES (NULL, NULL, NULL, '0', 'V_COL29', '1', NULL, NULL, 'B9BA41AEEA6B0621E053B11FA8C03800', 'V_COL29', 'PERF_T_PROJREVIEW', '备用29', 'S', '300', NULL, '1', '1', NULL);
INSERT INTO BUS_T_DICCOLUMN ("DEID", "CSID", "EXP", "ISSYS", "DBCOLUMNCODE", "ISUSES", "YEAR", "PROVINCE", "COLUMNID", "COLUMNCODE", "TABLECODE", "NAME", "DATATYPE", "DATALENGTH", "SCALE", "VERSION", "NULLABLE", "DEFAULTVALUE") VALUES (NULL, NULL, NULL, '0', 'V_COL3', '1', NULL, NULL, 'B9BA41AEEA6C0621E053B11FA8C03800', 'V_COL3', 'PERF_T_PROJREVIEW', '备用3', 'S', '300', NULL, '1', '1', NULL);
INSERT INTO BUS_T_DICCOLUMN ("DEID", "CSID", "EXP", "ISSYS", "DBCOLUMNCODE", "ISUSES", "YEAR", "PROVINCE", "COLUMNID", "COLUMNCODE", "TABLECODE", "NAME", "DATATYPE", "DATALENGTH", "SCALE", "VERSION", "NULLABLE", "DEFAULTVALUE") VALUES (NULL, NULL, NULL, '0', 'V_COL30', '1', NULL, NULL, 'B9BA41AEEA6D0621E053B11FA8C03800', 'V_COL30', 'PERF_T_PROJREVIEW', '备用30', 'S', '300', NULL, '1', '1', NULL);
INSERT INTO BUS_T_DICCOLUMN ("DEID", "CSID", "EXP", "ISSYS", "DBCOLUMNCODE", "ISUSES", "YEAR", "PROVINCE", "COLUMNID", "COLUMNCODE", "TABLECODE", "NAME", "DATATYPE", "DATALENGTH", "SCALE", "VERSION", "NULLABLE", "DEFAULTVALUE") VALUES (NULL, NULL, NULL, '0', 'V_COL4', '1', NULL, NULL, 'B9BA41AEEA6E0621E053B11FA8C03800', 'V_COL4', 'PERF_T_PROJREVIEW', '备用4', 'S', '300', NULL, '1', '1', NULL);
INSERT INTO BUS_T_DICCOLUMN ("DEID", "CSID", "EXP", "ISSYS", "DBCOLUMNCODE", "ISUSES", "YEAR", "PROVINCE", "COLUMNID", "COLUMNCODE", "TABLECODE", "NAME", "DATATYPE", "DATALENGTH", "SCALE", "VERSION", "NULLABLE", "DEFAULTVALUE") VALUES (NULL, NULL, NULL, '0', 'V_COL5', '1', NULL, NULL, 'B9BA41AEEA6F0621E053B11FA8C03800', 'V_COL5', 'PERF_T_PROJREVIEW', '备用5', 'S', '300', NULL, '1', '1', NULL);
INSERT INTO BUS_T_DICCOLUMN ("DEID", "CSID", "EXP", "ISSYS", "DBCOLUMNCODE", "ISUSES", "YEAR", "PROVINCE", "COLUMNID", "COLUMNCODE", "TABLECODE", "NAME", "DATATYPE", "DATALENGTH", "SCALE", "VERSION", "NULLABLE", "DEFAULTVALUE") VALUES (NULL, NULL, NULL, '0', 'V_COL6', '1', NULL, NULL, 'B9BA41AEEA700621E053B11FA8C03800', 'V_COL6', 'PERF_T_PROJREVIEW', '备用6', 'S', '300', NULL, '1', '1', NULL);
INSERT INTO BUS_T_DICCOLUMN ("DEID", "CSID", "EXP", "ISSYS", "DBCOLUMNCODE", "ISUSES", "YEAR", "PROVINCE", "COLUMNID", "COLUMNCODE", "TABLECODE", "NAME", "DATATYPE", "DATALENGTH", "SCALE", "VERSION", "NULLABLE", "DEFAULTVALUE") VALUES (NULL, NULL, NULL, '0', 'V_COL7', '1', NULL, NULL, 'B9BA41AEEA710621E053B11FA8C03800', 'V_COL7', 'PERF_T_PROJREVIEW', '备用7', 'S', '300', NULL, '1', '1', NULL);
INSERT INTO BUS_T_DICCOLUMN ("DEID", "CSID", "EXP", "ISSYS", "DBCOLUMNCODE", "ISUSES", "YEAR", "PROVINCE", "COLUMNID", "COLUMNCODE", "TABLECODE", "NAME", "DATATYPE", "DATALENGTH", "SCALE", "VERSION", "NULLABLE", "DEFAULTVALUE") VALUES (NULL, NULL, NULL, '0', 'V_COL8', '1', NULL, NULL, 'B9BA41AEEA720621E053B11FA8C03800', 'V_COL8', 'PERF_T_PROJREVIEW', '备用8', 'S', '300', NULL, '1', '1', NULL);
INSERT INTO BUS_T_DICCOLUMN ("DEID", "CSID", "EXP", "ISSYS", "DBCOLUMNCODE", "ISUSES", "YEAR", "PROVINCE", "COLUMNID", "COLUMNCODE", "TABLECODE", "NAME", "DATATYPE", "DATALENGTH", "SCALE", "VERSION", "NULLABLE", "DEFAULTVALUE") VALUES (NULL, NULL, NULL, '0', 'V_COL9', '1', NULL, NULL, 'B9BA41AEEA730621E053B11FA8C03800', 'V_COL9', 'PERF_T_PROJREVIEW', '备用9', 'S', '300', NULL, '1', '1', NULL);
INSERT INTO BUS_T_DICCOLUMN ("DEID", "CSID", "EXP", "ISSYS", "DBCOLUMNCODE", "ISUSES", "YEAR", "PROVINCE", "COLUMNID", "COLUMNCODE", "TABLECODE", "NAME", "DATATYPE", "DATALENGTH", "SCALE", "VERSION", "NULLABLE", "DEFAULTVALUE") VALUES (NULL, NULL, NULL, '0', 'WFID', '1', NULL, NULL, 'B9BA41AEEA740621E053B11FA8C03800', 'WFID', 'PERF_T_PROJREVIEW', '流程编码', 'S', '32', NULL, '1', '1', NULL);
INSERT INTO BUS_T_DICCOLUMN ("DEID", "CSID", "EXP", "ISSYS", "DBCOLUMNCODE", "ISUSES", "YEAR", "PROVINCE", "COLUMNID", "COLUMNCODE", "TABLECODE", "NAME", "DATATYPE", "DATALENGTH", "SCALE", "VERSION", "NULLABLE", "DEFAULTVALUE") VALUES ('092004', '099076', NULL, '1', 'WFSTATUS', '1', '2016', '87', 'B9BA41AEEA750621E053B11FA8C03800', 'WFSTATUS', 'PERF_T_PROJREVIEW', '流程状态', 'S', '32', NULL, '1', '1', NULL);
INSERT INTO BUS_T_DICCOLUMN ("DEID", "CSID", "EXP", "ISSYS", "DBCOLUMNCODE", "ISUSES", "YEAR", "PROVINCE", "COLUMNID", "COLUMNCODE", "TABLECODE", "NAME", "DATATYPE", "DATALENGTH", "SCALE", "VERSION", "NULLABLE", "DEFAULTVALUE") VALUES (NULL, NULL, NULL, '1', 'YEAR', '1', NULL, NULL, 'B9BA41AEEA760621E053B11FA8C03800', 'YEAR', 'PERF_T_PROJREVIEW', '年度', 'S', '4', NULL, '1', '1', NULL);

delete FROM Bus_t_Pagecomponent t where id in ('pmkpi_thirdevaluateservice','evaluateentrustservice','preevaluateservice');
INSERT INTO Bus_t_Pagecomponent ("ID", "NAME", "TYPE", "REMARK", "JSLIB", "JSOBJECTNAME", "APPID", "SERVICE") VALUES ('evaluateentrustservice', '委托机构', NULL, '委托机构', '/busfw/ltext/swfupload/jslib/fupload.js,/busfw/ltext/componentview/ltext_fileupload.js,/busfw/common/ui/ui_uploadfiles.js,/busfw/ltext/fuds-download.js,/busfw/ltext/fuds-upload.js,/pmkpi/common/fileupload.js,/pmkpi/evaluate/evaluateentrust.js', 'Ext.lt.pmkpi.evaluate.evaluateentrustservice', 'pmkpi', 'pmkpi.evaluate.EvaluateEntrustService');
INSERT INTO Bus_t_Pagecomponent ("ID", "NAME", "TYPE", "REMARK", "JSLIB", "JSOBJECTNAME", "APPID", "SERVICE") VALUES ('preevaluateservice', '第三方评估', NULL, '第三方评估', '/busfw/ltext/swfupload/jslib/fupload.js,/busfw/ltext/componentview/ltext_fileupload.js,/busfw/common/ui/ui_uploadfiles.js,/busfw/ltext/fuds-download.js,/busfw/ltext/fuds-upload.js,/pmkpi/common/fileupload.js,/pmkpi/evaluate/preevaluate.js', 'Ext.lt.pmkpi.evaluate.preevaluateservice', 'pmkpi', 'pmkpi.evaluate.PreEvaluateService');
INSERT INTO Bus_t_Pagecomponent ("ID", "NAME", "TYPE", "REMARK", "JSLIB", "JSOBJECTNAME", "APPID", "SERVICE") VALUES ('pmkpi_thirdevaluateservice', '绩效事前评估', NULL, '绩效事前评估', '/busfw/ltext/swfupload/jslib/fupload.js,/busfw/ltext/componentview/ltext_fileupload.js,/busfw/common/ui/ui_uploadfiles.js,/busfw/ltext/fuds-download.js,/busfw/ltext/fuds-upload.js,/pmkpi/common/fileupload.js,/pmkpi/evaluate/thirdevaluate.js', 'Ext.lt.pmkpi.evaluate.thirdevaluateservice', 'pmkpi', 'pmkpi.evaluate.ThirdEvaluateService');

delete FROM Bus_t_Pageconsole t where t.url in ('/pmkpi/evaluate/thirdevaluate/index', '/pmkpi/evaluate/thirdevaluate/entrust','/pmkpi/evaluate/preevaluate/index');
INSERT INTO Bus_t_Pageconsole ("URL", "TEMPLATE", "PAGE", "JSLIB", "CSSLIB", "OBJLIB", "APPID", "CONSOLESERVICE", "METHOD", "CONFIG", "SUPCONSOLE", "REGION", "ISEXPAND") VALUES ('/pmkpi/evaluate/preevaluate/index', 'template8', '/pmkpi/common/template/template_defautl.jsp', '/pmkpi/common/template/template_default.js', NULL, NULL, 'pmkpi', 'gov.mof.fasp2.pmkpi.evaluate.page.EvaluatePage', 'toPreEvaluate', '{header:[header],left:lefttree,main:[toolbutton,queryform,tabpage,datatable,dataexport1]}', NULL, NULL, '0');
INSERT INTO Bus_t_Pageconsole ("URL", "TEMPLATE", "PAGE", "JSLIB", "CSSLIB", "OBJLIB", "APPID", "CONSOLESERVICE", "METHOD", "CONFIG", "SUPCONSOLE", "REGION", "ISEXPAND") VALUES ('/pmkpi/evaluate/thirdevaluate/entrust', 'template8', '/pmkpi/common/template/template_defautl.jsp', '/pmkpi/common/template/template_default.js', NULL, NULL, 'pmkpi', 'gov.mof.fasp2.pmkpi.evaluate.page.EvaluatePage', 'toEvaluateEntrust', '{header:[header],main:[toolbutton,queryform,datatable,dataexport1]}', NULL, NULL, '0');
insert into bus_t_pageconsole (URL, TEMPLATE, PAGE, JSLIB, CSSLIB, OBJLIB, APPID, CONSOLESERVICE, METHOD, CONFIG, SUPCONSOLE, REGION, ISEXPAND)
values ('/pmkpi/evaluate/thirdevaluate/index', 'template8', '/pmkpi/common/template/template_defautl.jsp', '/pmkpi/common/template/template_default.js', null, null, 'pmkpi', 'gov.mof.fasp2.pmkpi.evaluate.page.EvaluatePage', 'toThirdEvaluate', '{header:[header],left:lefttree,main:[toolbutton,queryform,datatable]}', null, null, 0);

delete FROM Bus_t_Pageconsolecomconfig t where t.url in ('/pmkpi/evaluate/thirdevaluate/index', '/pmkpi/evaluate/thirdevaluate/entrust','/pmkpi/evaluate/preevaluate/index');
INSERT INTO Bus_t_Pageconsolecomconfig ("URL", "COMPONENTID", "CONFIG", "ID", "APPID", "REGION") 
VALUES ('/pmkpi/evaluate/thirdevaluate/entrust', 'evaluateentrustservice', '{}', 'evaluateentrustservice', 'pmkpi', NULL);
INSERT INTO Bus_t_Pageconsolecomconfig ("URL", "COMPONENTID", "CONFIG", "ID", "APPID", "REGION") 
VALUES ('/pmkpi/evaluate/thirdevaluate/entrust', 'busfw.dataexport', '{}', 'dataexport1', 'pmkpi', NULL);
INSERT INTO Bus_t_Pageconsolecomconfig ("URL", "COMPONENTID", "CONFIG", "ID", "APPID", "REGION") 
VALUES ('/pmkpi/evaluate/thirdevaluate/entrust', 'header', '{}', 'header', 'pmkpi', NULL);
INSERT INTO Bus_t_Pageconsolecomconfig ("URL", "COMPONENTID", "CONFIG", "ID", "APPID", "REGION") 
VALUES ('/pmkpi/evaluate/thirdevaluate/entrust', 'busqueryform', '{name:''查询区'',datatable:''datatable'',fastquery:true,drawmode:''div'',label:''快速查询'',labelwidth:''120''}', 'queryform', 'pmkpi', NULL);
INSERT INTO Bus_t_Pageconsolecomconfig ("URL", "COMPONENTID", "CONFIG", "ID", "APPID", "REGION") 
VALUES ('/pmkpi/evaluate/thirdevaluate/entrust', 'bustoolbutton', '{}', 'toolbutton', 'pmkpi', NULL);
INSERT INTO Bus_t_Pageconsolecomconfig ("URL", "COMPONENTID", "CONFIG", "ID", "APPID", "REGION") 
VALUES ('/pmkpi/evaluate/thirdevaluate/entrust', 'busuidatatable', '{name:''委托机构'',checkbox:true,title:''委托机构'',edit:false,addrow:false,pagetype:''report'',uikey:''/pmkpi/program/report/edit'',deltables:[v_perf_t_outpayproject,v_pm_perf_indicator]}', 'datatable', 'pmkpi', NULL);

INSERT INTO Bus_t_Pageconsolecomconfig ("URL", "COMPONENTID", "CONFIG", "ID", "APPID", "REGION") 
VALUES ('/pmkpi/evaluate/preevaluate/index', 'preevaluateservice', '{}', 'preevaluateservice', 'pmkpi', NULL);
INSERT INTO Bus_t_Pageconsolecomconfig ("URL", "COMPONENTID", "CONFIG", "ID", "APPID", "REGION") 
VALUES ('/pmkpi/evaluate/preevaluate/index', 'busfw.dataexport', '{}', 'dataexport1', 'pmkpi', NULL);
INSERT INTO Bus_t_Pageconsolecomconfig ("URL", "COMPONENTID", "CONFIG", "ID", "APPID", "REGION") 
VALUES ('/pmkpi/evaluate/preevaluate/index', 'busdclefttree', '{w:true}', 'lefttree', 'pmkpi', NULL);
INSERT INTO Bus_t_Pageconsolecomconfig ("URL", "COMPONENTID", "CONFIG", "ID", "APPID", "REGION") 
VALUES ('/pmkpi/evaluate/preevaluate/index', 'busqueryform', '{name:''查询区'',datatable:''datatable'',fastquery:true,drawmode:''div'',label:''快速查询'',labelwidth:''120''}', 'queryform', 'pmkpi', NULL);
INSERT INTO Bus_t_Pageconsolecomconfig ("URL", "COMPONENTID", "CONFIG", "ID", "APPID", "REGION") 
VALUES ('/pmkpi/evaluate/preevaluate/index', 'bustoolbutton', '{}', 'toolbutton', 'pmkpi', NULL);
INSERT INTO Bus_t_Pageconsolecomconfig ("URL", "COMPONENTID", "CONFIG", "ID", "APPID", "REGION") 
VALUES ('/pmkpi/evaluate/preevaluate/index', 'header', '{}', 'header', 'pmkpi', NULL);
INSERT INTO Bus_t_Pageconsolecomconfig ("URL", "COMPONENTID", "CONFIG", "ID", "APPID", "REGION") 
VALUES ('/pmkpi/evaluate/preevaluate/index', 'busuidatatable', '{name:''第三方评估'',checkbox:true,title:''第三方评估'',edit:false,addrow:false,pagetype:''report'',uikey:''/pmkpi/program/report/edit'',deltables:[v_perf_t_outpayproject,v_pm_perf_indicator]}', 'datatable', 'pmkpi', NULL);
INSERT INTO Bus_t_Pageconsolecomconfig ("URL", "COMPONENTID", "CONFIG", "ID", "APPID", "REGION") 
VALUES ('/pmkpi/evaluate/preevaluate/index', 'bustabpage', '{}', 'tabpage', 'pmkpi', NULL);

INSERT INTO Bus_t_Pageconsolecomconfig ("URL", "COMPONENTID", "CONFIG", "ID", "APPID", "REGION") 
VALUES ('/pmkpi/evaluate/thirdevaluate/index', 'pmkpi_thirdevaluateservice', '{}', 'thirdevaluateservice', 'pmkpi', NULL);
INSERT INTO Bus_t_Pageconsolecomconfig ("URL", "COMPONENTID", "CONFIG", "ID", "APPID", "REGION") 
VALUES ('/pmkpi/evaluate/thirdevaluate/index', 'busdclefttree', '{w:true}', 'lefttree', 'pmkpi', NULL);
INSERT INTO Bus_t_Pageconsolecomconfig ("URL", "COMPONENTID", "CONFIG", "ID", "APPID", "REGION") 
VALUES ('/pmkpi/evaluate/thirdevaluate/index', 'busqueryform', '{name:''查询区'',datatable:''datatable'',fastquery:true,drawmode:''div'',label:''快速查询'',labelwidth:''120''}', 'queryform', 'pmkpi', NULL);
INSERT INTO Bus_t_Pageconsolecomconfig ("URL", "COMPONENTID", "CONFIG", "ID", "APPID", "REGION") 
VALUES ('/pmkpi/evaluate/thirdevaluate/index', 'bustoolbutton', '{}', 'toolbutton', 'pmkpi', NULL);
INSERT INTO Bus_t_Pageconsolecomconfig ("URL", "COMPONENTID", "CONFIG", "ID", "APPID", "REGION") 
VALUES ('/pmkpi/evaluate/thirdevaluate/index', 'header', '{}', 'header', 'pmkpi', NULL);
INSERT INTO Bus_t_Pageconsolecomconfig ("URL", "COMPONENTID", "CONFIG", "ID", "APPID", "REGION") 
VALUES ('/pmkpi/evaluate/thirdevaluate/index', 'busuidatatable', '{name:''绩效事前评估'',checkbox:true,title:''绩效事前评估'',edit:false,addrow:false,pagetype:''report'',uikey:''/pmkpi/program/report/edit'',deltables:[v_perf_t_outpayproject,v_pm_perf_indicator]}', 'datatable', 'pmkpi', NULL);
INSERT INTO Bus_t_Pageconsolecomconfig ("URL", "COMPONENTID", "CONFIG", "ID", "APPID", "REGION") 
VALUES ('/pmkpi/evaluate/thirdevaluate/index', 'bustabpage', '{}', 'tabpage', 'pmkpi', NULL);
INSERT INTO Bus_t_Pageconsolecomconfig ("URL", "COMPONENTID", "CONFIG", "ID", "APPID", "REGION") 
VALUES ('/pmkpi/evaluate/thirdevaluate/index', 'busfw.dataexport', '{}', 'dataexport1', 'pmkpi', NULL);

delete from p#BUSFW_T_UIFUNCTION where key in ('/pmkpi/evaluate/thirdevaluate/index', '/pmkpi/evaluate/thirdevaluate/entrust','/pmkpi/evaluate/preevaluate/index');
INSERT INTO BUSFW_T_UIFUNCTION ("GUID", "KEY", "NAME", "ISVISIABLE", "ORDERNUM", "CLASSNAME", "ACTION", "DISABLED", "TITLE", "APPID", "CODE", "PARAM", "CONFIG") 
VALUES ('preevaluateentrust/index02', '/pmkpi/evaluate/preevaluate/index', '退回', '1', '9', 'searchicon', 'preevaluateservice.back', NULL, '退回', 'pmkpi', 'back', NULL, NULL);
INSERT INTO BUSFW_T_UIFUNCTION ("GUID", "KEY", "NAME", "ISVISIABLE", "ORDERNUM", "CLASSNAME", "ACTION", "DISABLED", "TITLE", "APPID", "CODE", "PARAM", "CONFIG") 
VALUES ('preevaluateentrust/index03', '/pmkpi/evaluate/preevaluate/index', '评估', '1', '9', 'searchicon', 'preevaluateservice.evaluate', NULL, '评估', 'pmkpi', 'evaluate', NULL, NULL);
INSERT INTO BUSFW_T_UIFUNCTION ("GUID", "KEY", "NAME", "ISVISIABLE", "ORDERNUM", "CLASSNAME", "ACTION", "DISABLED", "TITLE", "APPID", "CODE", "PARAM", "CONFIG") 
VALUES ('preevaluateentrust/index04', '/pmkpi/evaluate/preevaluate/index', '导出', '1', '9', 'searchicon', 'preevaluateservice.export', NULL, '导出', 'pmkpi', 'export', NULL, NULL);
INSERT INTO BUSFW_T_UIFUNCTION ("GUID", "KEY", "NAME", "ISVISIABLE", "ORDERNUM", "CLASSNAME", "ACTION", "DISABLED", "TITLE", "APPID", "CODE", "PARAM", "CONFIG") 
VALUES ('preevaluateentrust/index05', '/pmkpi/evaluate/preevaluate/index', '查看明细', '1', '9', 'searchicon', 'preevaluateservice.viewdetail', NULL, '查看明细', 'pmkpi', 'viewdetail', NULL, NULL);

insert into busfw_t_uifunction (GUID, KEY, NAME, ISVISIABLE, ORDERNUM, CLASSNAME, ACTION, DISABLED, TITLE, APPID, CODE, PARAM, CONFIG)
values ('BC4E595CCE4911C7E053B11FA8C0AD52', '/pmkpi/evaluate/thirdevaluate/index', '委托机构', 0, 1, 'searchicon', 'thirdevaluateservice.entrust', null, '委托机构', 'pmkpi', 'entrust', null, null);

insert into busfw_t_uifunction (GUID, KEY, NAME, ISVISIABLE, ORDERNUM, CLASSNAME, ACTION, DISABLED, TITLE, APPID, CODE, PARAM, CONFIG)
values ('BC4E595CCE4D11C7E053B11FA8C0AD52', '/pmkpi/evaluate/thirdevaluate/index', '确认第三方机构评审', 1, 2, 'searchicon', 'thirdevaluateservice.confirm', null, '确认第三方机构评审', 'pmkpi', 'confirm', null, null);

insert into busfw_t_uifunction (GUID, KEY, NAME, ISVISIABLE, ORDERNUM, CLASSNAME, ACTION, DISABLED, TITLE, APPID, CODE, PARAM, CONFIG)
values ('BC4E595CCE4711C7E053B11FA8C0AD52', '/pmkpi/evaluate/thirdevaluate/index', '取消第三方机构评审', 1, 3, 'searchicon', 'thirdevaluateservice.confirm', null, '取消第三方机构评审', 'pmkpi', 'unconfirm', null, null);

insert into busfw_t_uifunction (GUID, KEY, NAME, ISVISIABLE, ORDERNUM, CLASSNAME, ACTION, DISABLED, TITLE, APPID, CODE, PARAM, CONFIG)
values ('BC4E595CCE4811C7E053B11FA8C0AD52', '/pmkpi/evaluate/thirdevaluate/index', '退回', 1, 4, 'searchicon', 'thirdevaluateservice.confirm', null, '退回', 'pmkpi', 'back', null, null);

insert into busfw_t_uifunction (GUID, KEY, NAME, ISVISIABLE, ORDERNUM, CLASSNAME, ACTION, DISABLED, TITLE, APPID, CODE, PARAM, CONFIG)
values ('BC4E595CCE4B11C7E053B11FA8C0AD52', '/pmkpi/evaluate/thirdevaluate/index', '查看明细', 0, 7, 'searchicon', 'thirdevaluateservice.viewdetail', null, '查看明细', 'pmkpi', 'viewdetail', null, null);

insert into busfw_t_uifunction (GUID, KEY, NAME, ISVISIABLE, ORDERNUM, CLASSNAME, ACTION, DISABLED, TITLE, APPID, CODE, PARAM, CONFIG)
values ('BC4E595CCE4C11C7E053B11FA8C0AD52', '/pmkpi/evaluate/thirdevaluate/index', '审核情况', 0, 8, 'searchicon', 'thirdevaluateservice.viewlogs', null, '审核情况', 'pmkpi', 'viewlogs', null, null);

delete from p#BUSFW_T_UIQUERYFORM where key in ('/pmkpi/evaluate/thirdevaluate/entrust','/pmkpi/evaluate/preevaluate/index');
INSERT INTO BUSFW_T_UIQUERYFORM ("GUID", "KEY", "COLUMNCODE", "NAME", "ORDERNUM", "ISVISIABLE", "TYPE", "DEFAULTVALUE", "LINKCHILD", "LINKPARENT", "APPID", "TABLECODE", "CONFIG", "BOTTOMCONTRL") VALUES ('A255BE0D772540F1A19B99D564AB4FAE', '/pmkpi/evaluate/preevaluate/index', 'PRO_NAME', '项目名称', '1', '1', 's', NULL, NULL, NULL, 'pmkpi', 'V_PERF_T_PROJREVIEW', '{}', NULL);
INSERT INTO BUSFW_T_UIQUERYFORM ("GUID", "KEY", "COLUMNCODE", "NAME", "ORDERNUM", "ISVISIABLE", "TYPE", "DEFAULTVALUE", "LINKCHILD", "LINKPARENT", "APPID", "TABLECODE", "CONFIG", "BOTTOMCONTRL") VALUES ('A255BE0D772770F1A19B99D564AB4FAE', '/pmkpi/evaluate/thirdevaluate/entrust', 'NAME', '机构名称', '1', '1', 's', NULL, NULL, NULL, 'pmkpi', 'PERF_INTERMEDIARYINFO', '{}', NULL);

delete from p#BUSFW_T_UITABPAGE where key in ('/pmkpi/evaluate/thirdevaluate/index', '/pmkpi/evaluate/thirdevaluate/entrust','/pmkpi/evaluate/preevaluate/index');
INSERT INTO BUSFW_T_UITABPAGE ("GUID", "APPID", "KEY", "NAME", "CODE", "ISVISIABLE", "ORDERNUM", "CLASSNAME", "CLICK", "DISABLED", "TITLE", "FILTER", "HIDEBTNS", "CONFIG", "WFSTATUS", "WAITFLAG", "COMPONENTID", "COMPONENTCONFIG", "COMPONENTKEY", "COMPONENTDRAW", "COMPONENTSERVICEID", "COMPONENTCALLBACKFN", "DEFAULTFILTER") VALUES ('preevaluateentrust02', 'pmkpi', '/pmkpi/evaluate/preevaluate/index', '已评估', 'alreadyaudit', '1', '2', 'nomal', 'preevaluateservice.clickTabpage', '0', '已评估', ' t.type=''assessment''', '评估', '{}', NULL, '0', NULL, NULL, NULL, NULL, NULL, NULL, NULL);
INSERT INTO BUSFW_T_UITABPAGE ("GUID", "APPID", "KEY", "NAME", "CODE", "ISVISIABLE", "ORDERNUM", "CLASSNAME", "CLICK", "DISABLED", "TITLE", "FILTER", "HIDEBTNS", "CONFIG", "WFSTATUS", "WAITFLAG", "COMPONENTID", "COMPONENTCONFIG", "COMPONENTKEY", "COMPONENTDRAW", "COMPONENTSERVICEID", "COMPONENTCALLBACKFN", "DEFAULTFILTER") VALUES ('preevaluateentrust01', 'pmkpi', '/pmkpi/evaluate/preevaluate/index', '未评估', 'waitaudit', '1', '1', 'choosed', 'preevaluateservice.clickTabpage', '0', '未评估', ' t.type=''assessment''', '退回', '{}', NULL, '0', NULL, NULL, NULL, NULL, NULL, NULL, NULL);
INSERT INTO BUSFW_T_UITABPAGE ("GUID", "APPID", "KEY", "NAME", "CODE", "ISVISIABLE", "ORDERNUM", "CLASSNAME", "CLICK", "DISABLED", "TITLE", "FILTER", "HIDEBTNS", "CONFIG", "WFSTATUS", "WAITFLAG", "COMPONENTID", "COMPONENTCONFIG", "COMPONENTKEY", "COMPONENTDRAW", "COMPONENTSERVICEID", "COMPONENTCALLBACKFN", "DEFAULTFILTER") VALUES ('thirdevaluateentrust03', 'pmkpi', '/pmkpi/evaluate/thirdevaluate/index', '已退', 'alldeals', '1', '3', 'nomal', 'thirdevaluateservice.clickTabpage', '0', '已退', ' t.type=''assessment''', '退回,审核情况', '{}', NULL, '0', NULL, NULL, NULL, NULL, NULL, NULL, NULL);
INSERT INTO BUSFW_T_UITABPAGE ("GUID", "APPID", "KEY", "NAME", "CODE", "ISVISIABLE", "ORDERNUM", "CLASSNAME", "CLICK", "DISABLED", "TITLE", "FILTER", "HIDEBTNS", "CONFIG", "WFSTATUS", "WAITFLAG", "COMPONENTID", "COMPONENTCONFIG", "COMPONENTKEY", "COMPONENTDRAW", "COMPONENTSERVICEID", "COMPONENTCALLBACKFN", "DEFAULTFILTER") VALUES ('thirdevaluateentrust02', 'pmkpi', '/pmkpi/evaluate/thirdevaluate/index', '已委托', 'alreadyaudit', '1', '2', 'nomal', 'thirdevaluateservice.clickTabpage', '0', '已委托', ' t.type=''assessment''', '退回,审核情况', '{}', NULL, '0', NULL, NULL, NULL, NULL, NULL, NULL, NULL);
INSERT INTO BUSFW_T_UITABPAGE ("GUID", "APPID", "KEY", "NAME", "CODE", "ISVISIABLE", "ORDERNUM", "CLASSNAME", "CLICK", "DISABLED", "TITLE", "FILTER", "HIDEBTNS", "CONFIG", "WFSTATUS", "WAITFLAG", "COMPONENTID", "COMPONENTCONFIG", "COMPONENTKEY", "COMPONENTDRAW", "COMPONENTSERVICEID", "COMPONENTCALLBACKFN", "DEFAULTFILTER") VALUES ('thirdevaluateentrust01', 'pmkpi', '/pmkpi/evaluate/thirdevaluate/index', '待委托', 'waitaudit', '1', '1', 'choosed', 'thirdevaluateservice.clickTabpage', '0', '待委托', ' t.type=''assessment''', NULL, '{}', NULL, '0', NULL, NULL, NULL, NULL, NULL, NULL, NULL);

delete from p#BUSFW_T_UITABLE where key in ('/pmkpi/evaluate/thirdevaluate/entrust','/pmkpi/evaluate/preevaluate/index');
INSERT INTO BUSFW_T_UITABLE ("GUID", "KEY", "TABLECODE", "PAGENUM", "TOTALTAG", "LOCKNUM", "ORDERBY", "DEFQUERY", "APPID", "CONFIG") VALUES ('2259FFA129004F39B6730C730E8FC124', '/pmkpi/evaluate/preevaluate/index', 'V_PERF_T_PROJREVIEW', '100', '1', '0', 'PRO_CODE', NULL, 'pmkpi', NULL);
INSERT INTO BUSFW_T_UITABLE ("GUID", "KEY", "TABLECODE", "PAGENUM", "TOTALTAG", "LOCKNUM", "ORDERBY", "DEFQUERY", "APPID", "CONFIG") VALUES ('2259FFA133004F13B6730C730E8FC124', '/pmkpi/evaluate/thirdevaluate/entrust', 'PERF_INTERMEDIARYINFO', '100', '1', '0', NULL, NULL, 'pmkpi', NULL);

delete from p#BUSFW_T_UICOLUMN where key in ('/pmkpi/evaluate/thirdevaluate/entrust','/pmkpi/evaluate/preevaluate/index');
INSERT INTO BUSFW_T_UICOLUMN ("GUID", "KEY", "COLUMNCODE", "NAME", "ORDERNUM", "ISVISIABLE", "ISEDIT", "TOTALTAG", "SHOWLEVEL", "REQUIREMENT", "COLTYPE", "HEAD", "FORMAT", "DEFAULTVALUE", "LEVELCONTROL", "COLWIDTH", "ISSOURCE", "TYPE", "CONFIG", "BOTTOMCONTRL") VALUES ('thirdevaluateentrust05', '/pmkpi/evaluate/preevaluate/index', 'DEPT_CODE', '部门编号', '2', '1', '0', NULL, NULL, NULL, '1', NULL, NULL, NULL, NULL, NULL, '0', 's', '{}', NULL);
INSERT INTO BUSFW_T_UICOLUMN ("GUID", "KEY", "COLUMNCODE", "NAME", "ORDERNUM", "ISVISIABLE", "ISEDIT", "TOTALTAG", "SHOWLEVEL", "REQUIREMENT", "COLTYPE", "HEAD", "FORMAT", "DEFAULTVALUE", "LEVELCONTROL", "COLWIDTH", "ISSOURCE", "TYPE", "CONFIG", "BOTTOMCONTRL") VALUES ('thirdevaluateentrust0242', '/pmkpi/evaluate/preevaluate/index', 'FININTORGGUID', '管理处室', '5', '1', '0', NULL, NULL, NULL, NULL, NULL, '#code-#name', NULL, NULL, NULL, '1', 'tree', '{}', NULL);
INSERT INTO BUSFW_T_UICOLUMN ("GUID", "KEY", "COLUMNCODE", "NAME", "ORDERNUM", "ISVISIABLE", "ISEDIT", "TOTALTAG", "SHOWLEVEL", "REQUIREMENT", "COLTYPE", "HEAD", "FORMAT", "DEFAULTVALUE", "LEVELCONTROL", "COLWIDTH", "ISSOURCE", "TYPE", "CONFIG", "BOTTOMCONTRL") VALUES ('thirdevaluateentrust022', '/pmkpi/evaluate/preevaluate/index', 'PRO_TOTAL_AMT', '预算总资金', '6', '1', '0', NULL, NULL, NULL, '1', NULL, NULL, NULL, NULL, NULL, '0', 'amt', '{}', NULL);
INSERT INTO BUSFW_T_UICOLUMN ("GUID", "KEY", "COLUMNCODE", "NAME", "ORDERNUM", "ISVISIABLE", "ISEDIT", "TOTALTAG", "SHOWLEVEL", "REQUIREMENT", "COLTYPE", "HEAD", "FORMAT", "DEFAULTVALUE", "LEVELCONTROL", "COLWIDTH", "ISSOURCE", "TYPE", "CONFIG", "BOTTOMCONTRL") VALUES ('thirdevaluateentrust066', '/pmkpi/evaluate/preevaluate/index', 'PROGUID', '项目id', '11', '0', '0', NULL, NULL, NULL, '1', NULL, NULL, NULL, NULL, NULL, '0', 's', '{}', NULL);
INSERT INTO BUSFW_T_UICOLUMN ("GUID", "KEY", "COLUMNCODE", "NAME", "ORDERNUM", "ISVISIABLE", "ISEDIT", "TOTALTAG", "SHOWLEVEL", "REQUIREMENT", "COLTYPE", "HEAD", "FORMAT", "DEFAULTVALUE", "LEVELCONTROL", "COLWIDTH", "ISSOURCE", "TYPE", "CONFIG", "BOTTOMCONTRL") VALUES ('thirdevaluateentrust01', '/pmkpi/evaluate/preevaluate/index', 'AGENCYGUID', '预算单位', '4', '1', '0', NULL, NULL, NULL, NULL, NULL, '#code-#name', NULL, NULL, NULL, '1', 'tree', '{}', NULL);
INSERT INTO BUSFW_T_UICOLUMN ("GUID", "KEY", "COLUMNCODE", "NAME", "ORDERNUM", "ISVISIABLE", "ISEDIT", "TOTALTAG", "SHOWLEVEL", "REQUIREMENT", "COLTYPE", "HEAD", "FORMAT", "DEFAULTVALUE", "LEVELCONTROL", "COLWIDTH", "ISSOURCE", "TYPE", "CONFIG", "BOTTOMCONTRL") VALUES ('thirdevaluateentrust04', '/pmkpi/evaluate/preevaluate/index', 'CONCLUSION', '评审结论', '9', '1', '0', NULL, NULL, NULL, '1', NULL, NULL, NULL, NULL, NULL, '0', 's', '{}', NULL);
INSERT INTO BUSFW_T_UICOLUMN ("GUID", "KEY", "COLUMNCODE", "NAME", "ORDERNUM", "ISVISIABLE", "ISEDIT", "TOTALTAG", "SHOWLEVEL", "REQUIREMENT", "COLTYPE", "HEAD", "FORMAT", "DEFAULTVALUE", "LEVELCONTROL", "COLWIDTH", "ISSOURCE", "TYPE", "CONFIG", "BOTTOMCONTRL") VALUES ('thirdevaluateentrust05', '/pmkpi/evaluate/preevaluate/index', 'PRO_NAME', '项目名称', '3', '0', '0', NULL, NULL, NULL, '1', NULL, NULL, NULL, NULL, NULL, '0', 's', '{}', NULL);
INSERT INTO BUSFW_T_UICOLUMN ("GUID", "KEY", "COLUMNCODE", "NAME", "ORDERNUM", "ISVISIABLE", "ISEDIT", "TOTALTAG", "SHOWLEVEL", "REQUIREMENT", "COLTYPE", "HEAD", "FORMAT", "DEFAULTVALUE", "LEVELCONTROL", "COLWIDTH", "ISSOURCE", "TYPE", "CONFIG", "BOTTOMCONTRL") VALUES ('thirdevaluateentrust06', '/pmkpi/evaluate/preevaluate/index', 'WFID', '工作流id', '10', '0', '0', NULL, NULL, NULL, '1', NULL, NULL, NULL, NULL, NULL, '0', 's', '{}', NULL);
INSERT INTO BUSFW_T_UICOLUMN ("GUID", "KEY", "COLUMNCODE", "NAME", "ORDERNUM", "ISVISIABLE", "ISEDIT", "TOTALTAG", "SHOWLEVEL", "REQUIREMENT", "COLTYPE", "HEAD", "FORMAT", "DEFAULTVALUE", "LEVELCONTROL", "COLWIDTH", "ISSOURCE", "TYPE", "CONFIG", "BOTTOMCONTRL") VALUES ('thirdevaluateentrust07', '/pmkpi/evaluate/preevaluate/index', 'WFSTATUS', '业务状态', '8', '1', '0', NULL, NULL, NULL, NULL, NULL, '#name', NULL, NULL, NULL, '1', 'tree', '{}', NULL);
INSERT INTO BUSFW_T_UICOLUMN ("GUID", "KEY", "COLUMNCODE", "NAME", "ORDERNUM", "ISVISIABLE", "ISEDIT", "TOTALTAG", "SHOWLEVEL", "REQUIREMENT", "COLTYPE", "HEAD", "FORMAT", "DEFAULTVALUE", "LEVELCONTROL", "COLWIDTH", "ISSOURCE", "TYPE", "CONFIG", "BOTTOMCONTRL") VALUES ('thirdevaluateentrust08', '/pmkpi/evaluate/preevaluate/index', 'YEAR', '预算年份', '7', '1', '0', NULL, NULL, NULL, '1', NULL, NULL, NULL, NULL, NULL, '0', 's', '{}', NULL);
INSERT INTO BUSFW_T_UICOLUMN ("GUID", "KEY", "COLUMNCODE", "NAME", "ORDERNUM", "ISVISIABLE", "ISEDIT", "TOTALTAG", "SHOWLEVEL", "REQUIREMENT", "COLTYPE", "HEAD", "FORMAT", "DEFAULTVALUE", "LEVELCONTROL", "COLWIDTH", "ISSOURCE", "TYPE", "CONFIG", "BOTTOMCONTRL") VALUES ('thirdevaluateentrust09', '/pmkpi/evaluate/preevaluate/index', 'GUID', '主键', '1', '0', '0', NULL, NULL, NULL, NULL, NULL, NULL, NULL, NULL, NULL, '1', 's', '{}', NULL);
INSERT INTO BUSFW_T_UICOLUMN ("GUID", "KEY", "COLUMNCODE", "NAME", "ORDERNUM", "ISVISIABLE", "ISEDIT", "TOTALTAG", "SHOWLEVEL", "REQUIREMENT", "COLTYPE", "HEAD", "FORMAT", "DEFAULTVALUE", "LEVELCONTROL", "COLWIDTH", "ISSOURCE", "TYPE", "CONFIG", "BOTTOMCONTRL") VALUES ('evaluateentrustservice1', '/pmkpi/evaluate/thirdevaluate/entrust', 'GUID', '主键', '1', '0', '0', NULL, NULL, NULL, NULL, NULL, NULL, NULL, NULL, NULL, '0', 's', '{}', NULL);
INSERT INTO BUSFW_T_UICOLUMN ("GUID", "KEY", "COLUMNCODE", "NAME", "ORDERNUM", "ISVISIABLE", "ISEDIT", "TOTALTAG", "SHOWLEVEL", "REQUIREMENT", "COLTYPE", "HEAD", "FORMAT", "DEFAULTVALUE", "LEVELCONTROL", "COLWIDTH", "ISSOURCE", "TYPE", "CONFIG", "BOTTOMCONTRL") VALUES ('evaluateentrustservice2', '/pmkpi/evaluate/thirdevaluate/entrust', 'NAME', '机构名称', '2', '1', '0', NULL, NULL, NULL, NULL, NULL, NULL, NULL, NULL, NULL, '0', 's', '{}', NULL);
INSERT INTO BUSFW_T_UICOLUMN ("GUID", "KEY", "COLUMNCODE", "NAME", "ORDERNUM", "ISVISIABLE", "ISEDIT", "TOTALTAG", "SHOWLEVEL", "REQUIREMENT", "COLTYPE", "HEAD", "FORMAT", "DEFAULTVALUE", "LEVELCONTROL", "COLWIDTH", "ISSOURCE", "TYPE", "CONFIG", "BOTTOMCONTRL") VALUES ('evaluateentrustservice3', '/pmkpi/evaluate/thirdevaluate/entrust', 'INSTITUTIONAL', '机构性质', '3', '1', '0', NULL, NULL, NULL, NULL, NULL, '#code-#name', NULL, NULL, NULL, '1', 'tree', '{}', NULL);
INSERT INTO BUSFW_T_UICOLUMN ("GUID", "KEY", "COLUMNCODE", "NAME", "ORDERNUM", "ISVISIABLE", "ISEDIT", "TOTALTAG", "SHOWLEVEL", "REQUIREMENT", "COLTYPE", "HEAD", "FORMAT", "DEFAULTVALUE", "LEVELCONTROL", "COLWIDTH", "ISSOURCE", "TYPE", "CONFIG", "BOTTOMCONTRL") VALUES ('evaluateentrustservice4', '/pmkpi/evaluate/thirdevaluate/entrust', 'CREDITNO', '信用等级', '4', '1', '0', NULL, NULL, NULL, NULL, NULL, '#code-#name', NULL, NULL, NULL, '1', 'tree', '{}', NULL);
INSERT INTO BUSFW_T_UICOLUMN ("GUID", "KEY", "COLUMNCODE", "NAME", "ORDERNUM", "ISVISIABLE", "ISEDIT", "TOTALTAG", "SHOWLEVEL", "REQUIREMENT", "COLTYPE", "HEAD", "FORMAT", "DEFAULTVALUE", "LEVELCONTROL", "COLWIDTH", "ISSOURCE", "TYPE", "CONFIG", "BOTTOMCONTRL") VALUES ('evaluateentrustservice5', '/pmkpi/evaluate/thirdevaluate/entrust', 'EVALUATENUM', '评价累计数', '5', '1', '0', NULL, NULL, NULL, NULL, NULL, NULL, NULL, NULL, NULL, '0', 'amt', '{}', NULL);

delete FROM bus_t_dictable WHERE TABLECODE = 'PERF_PREEVALUATE_OPINION';
INSERT INTO bus_t_dictable ("YEAR", "PROVINCE", "TABLECODE", "NAME", "REMARK", "TABLETYPE", "VERSION", "DBTABNAME", "APPID", "EXP", "TABLEPART", "ISSHOW", "DBIMPFLAG", "ISSYS", "ISUSES", "VIEWTABLENAME", "DATASYNC", "HASTRIGGER", "SYNCCLASSNAME", "STATUS") VALUES ('2016', '87', 'PERF_PREEVALUATE_OPINION', '事前评审意见表', '事前评审意见表', '2', '1', 'PERF_PREEVALUATE_OPINION', 'pmkpi', NULL, '0', '1', '0', '0', '1', 'PERF_PREEVALUATE_OPINION', '1', '1', NULL, '1');

delete FROM bus_t_diccolumn WHERE TABLECODE = 'PERF_PREEVALUATE_OPINION';
INSERT INTO bus_t_diccolumn ("DEID", "CSID", "EXP", "ISSYS", "DBCOLUMNCODE", "ISUSES", "YEAR", "PROVINCE", "COLUMNID", "COLUMNCODE", "TABLECODE", "NAME", "DATATYPE", "DATALENGTH", "SCALE", "VERSION", "NULLABLE", "DEFAULTVALUE") VALUES (NULL, NULL, NULL, '1', 'CONTENT', '1', '2016', '87', '1723D4BE65534DE38848D2C69E7E26DA', 'CONTENT', 'PERF_PREEVALUATE_OPINION', '评估意见', 'S', '4000', NULL, '1', '1', NULL);
INSERT INTO bus_t_diccolumn ("DEID", "CSID", "EXP", "ISSYS", "DBCOLUMNCODE", "ISUSES", "YEAR", "PROVINCE", "COLUMNID", "COLUMNCODE", "TABLECODE", "NAME", "DATATYPE", "DATALENGTH", "SCALE", "VERSION", "NULLABLE", "DEFAULTVALUE") VALUES (NULL, NULL, NULL, '1', 'CREATER', '1', '2016', '87', '1723D4BE61434D558848D2C69E7E26DA', 'CREATER', 'PERF_PREEVALUATE_OPINION', '创建人', 'S', '40', NULL, '1', '1', NULL);
INSERT INTO bus_t_diccolumn ("DEID", "CSID", "EXP", "ISSYS", "DBCOLUMNCODE", "ISUSES", "YEAR", "PROVINCE", "COLUMNID", "COLUMNCODE", "TABLECODE", "NAME", "DATATYPE", "DATALENGTH", "SCALE", "VERSION", "NULLABLE", "DEFAULTVALUE") VALUES (NULL, NULL, NULL, '1', 'CREATETIME', '1', '2016', '87', '1723D4BE61434DE3884866C69E7E26DA', 'CREATETIME', 'PERF_PREEVALUATE_OPINION', '创建时间', 'S', '17', NULL, '1', '1', NULL);
INSERT INTO bus_t_diccolumn ("DEID", "CSID", "EXP", "ISSYS", "DBCOLUMNCODE", "ISUSES", "YEAR", "PROVINCE", "COLUMNID", "COLUMNCODE", "TABLECODE", "NAME", "DATATYPE", "DATALENGTH", "SCALE", "VERSION", "NULLABLE", "DEFAULTVALUE") VALUES (NULL, NULL, NULL, '1', 'GUID', '1', '2016', '87', '1723D4BE61434DE38848D2C69E7E26DA', 'GUID', 'PERF_PREEVALUATE_OPINION', '主键', 'S', '40', NULL, '1', '1', NULL);
INSERT INTO bus_t_diccolumn ("DEID", "CSID", "EXP", "ISSYS", "DBCOLUMNCODE", "ISUSES", "YEAR", "PROVINCE", "COLUMNID", "COLUMNCODE", "TABLECODE", "NAME", "DATATYPE", "DATALENGTH", "SCALE", "VERSION", "NULLABLE", "DEFAULTVALUE") VALUES (NULL, NULL, NULL, '1', 'MAINGUID', '1', '2016', '87', '1723D4BE61455DE38848D2C69E7E26DA', 'MAINGUID', 'PERF_PREEVALUATE_OPINION', '关联guid', 'S', '40', NULL, '1', '1', NULL);
INSERT INTO bus_t_diccolumn ("DEID", "CSID", "EXP", "ISSYS", "DBCOLUMNCODE", "ISUSES", "YEAR", "PROVINCE", "COLUMNID", "COLUMNCODE", "TABLECODE", "NAME", "DATATYPE", "DATALENGTH", "SCALE", "VERSION", "NULLABLE", "DEFAULTVALUE") VALUES (NULL, NULL, NULL, '1', 'PRECONTENT', '1', '2016', '87', '1723D4BE61434DE38893D2C69E7E26DA', 'PRECONTENT', 'PERF_PREEVALUATE_OPINION', '事前评估意见', 'S', '4000', NULL, '1', '1', NULL);
INSERT INTO bus_t_diccolumn ("DEID", "CSID", "EXP", "ISSYS", "DBCOLUMNCODE", "ISUSES", "YEAR", "PROVINCE", "COLUMNID", "COLUMNCODE", "TABLECODE", "NAME", "DATATYPE", "DATALENGTH", "SCALE", "VERSION", "NULLABLE", "DEFAULTVALUE") VALUES (NULL, NULL, NULL, '1', 'PROVINCE', '1', '2016', '87', '1723D4BE61434DE74848D2C69E7E26DA', 'PROVINCE', 'PERF_PREEVALUATE_OPINION', '地区', 'S', '32', NULL, '1', '1', NULL);
INSERT INTO bus_t_diccolumn ("DEID", "CSID", "EXP", "ISSYS", "DBCOLUMNCODE", "ISUSES", "YEAR", "PROVINCE", "COLUMNID", "COLUMNCODE", "TABLECODE", "NAME", "DATATYPE", "DATALENGTH", "SCALE", "VERSION", "NULLABLE", "DEFAULTVALUE") VALUES (NULL, 'PMKPIOPINIONTYPE', NULL, '1', 'TYPE', '1', '2016', '87', '1723D4BE61434DE36248D2C69E7E26DA', 'TYPE', 'PERF_PREEVALUATE_OPINION', '评审类型', 'S', '40', NULL, '1', '1', NULL);
INSERT INTO bus_t_diccolumn ("DEID", "CSID", "EXP", "ISSYS", "DBCOLUMNCODE", "ISUSES", "YEAR", "PROVINCE", "COLUMNID", "COLUMNCODE", "TABLECODE", "NAME", "DATATYPE", "DATALENGTH", "SCALE", "VERSION", "NULLABLE", "DEFAULTVALUE") VALUES (NULL, NULL, NULL, '1', 'UPDATETIME', '1', '2016', '87', '1723D4BE61664DE38848D2C69E7E26DA', 'UPDATETIME', 'PERF_PREEVALUATE_OPINION', '修改时间', 'S', '17', NULL, '1', '1', NULL);
INSERT INTO bus_t_diccolumn ("DEID", "CSID", "EXP", "ISSYS", "DBCOLUMNCODE", "ISUSES", "YEAR", "PROVINCE", "COLUMNID", "COLUMNCODE", "TABLECODE", "NAME", "DATATYPE", "DATALENGTH", "SCALE", "VERSION", "NULLABLE", "DEFAULTVALUE") VALUES (NULL, NULL, NULL, '1', 'YEAR', '1', '2016', '87', '1723D4BE61434DE32748D2C69E7E26DA', 'YEAR', 'PERF_PREEVALUATE_OPINION', '年度', 'S', '4', NULL, '1', '1', NULL);

DELETE from FASP_T_DICDSSOURCE WHERE GUID = 'PMKPIOPINIONTYPE';
INSERT INTO FASP_T_DICDSSOURCE ("GUID", "CODE", "ELEMENTCODE", "NAME", "STATUS", "CREATETIME", "STARTTIME", "ENDTIME", "YEAR", "PROVINCE", "CRC", "TYPEGUID", "SHOWSTRUCT", "SOURCETYPE", "DATASOURCE", "VERSION", "APPID") VALUES ('PMKPIOPINIONTYPE', 'PMKPIOPINIONTYPE', 'PMKPIOPINIONTYPE', '绩效评审意见类型', '1', '20180424221721795', '20180424', NULL, '2019', '653100', NULL, NULL, NULL, '1', '[{guid:"1",code:"1",name:"通过"},{guid:"2",code:"2",name:"不通过，退回完善"},{guid:"3",code:"3",name:"需要委托第三方评估"}]', '1', 'pmkpi');

DELETE from p#busfw_t_uitabpage where key in  ('/pmkpi/evaluate/preevaluate/edit');
INSERT INTO busfw_t_uitabpage ("GUID", "APPID", "KEY", "NAME", "CODE", "ISVISIABLE", "ORDERNUM", "CLASSNAME", "CLICK", "DISABLED", "TITLE", "FILTER", "HIDEBTNS", "CONFIG", "WFSTATUS", "WAITFLAG", "COMPONENTID", "COMPONENTCONFIG", "COMPONENTKEY", "COMPONENTDRAW", "COMPONENTSERVICEID", "COMPONENTCALLBACKFN", "DEFAULTFILTER") VALUES ('pmkpi/preevaluate/edit001', 'pmkpi', '/pmkpi/evaluate/preevaluate/edit', '项目基本信息', 'proinfo', '1', '1', 'choosed', 'preevaluateeditservice.clickTabpage', NULL, '项目基本信息', NULL, NULL, '{busguid:''8DB78FE72194403632D99D8B93384D2A''}', NULL, '0', 'editform', NULL, NULL, NULL, NULL, NULL, NULL);
INSERT INTO busfw_t_uitabpage ("GUID", "APPID", "KEY", "NAME", "CODE", "ISVISIABLE", "ORDERNUM", "CLASSNAME", "CLICK", "DISABLED", "TITLE", "FILTER", "HIDEBTNS", "CONFIG", "WFSTATUS", "WAITFLAG", "COMPONENTID", "COMPONENTCONFIG", "COMPONENTKEY", "COMPONENTDRAW", "COMPONENTSERVICEID", "COMPONENTCALLBACKFN", "DEFAULTFILTER") VALUES ('pmkpi/preevaluate/edit002', 'pmkpi', '/pmkpi/evaluate/preevaluate/edit', '预算支出明细', 'mxdatatable', '1', '2', 'nomal', 'preevaluateeditservice.clickTabpage', NULL, '预算支出明细', NULL, NULL, '{busguid:''B54067D422884D89972CE3984FC17DE0''}', NULL, '0', 'mxdatatable', NULL, NULL, NULL, NULL, NULL, NULL);
INSERT INTO busfw_t_uitabpage ("GUID", "APPID", "KEY", "NAME", "CODE", "ISVISIABLE", "ORDERNUM", "CLASSNAME", "CLICK", "DISABLED", "TITLE", "FILTER", "HIDEBTNS", "CONFIG", "WFSTATUS", "WAITFLAG", "COMPONENTID", "COMPONENTCONFIG", "COMPONENTKEY", "COMPONENTDRAW", "COMPONENTSERVICEID", "COMPONENTCALLBACKFN", "DEFAULTFILTER") VALUES ('pmkpi/preevaluate/edit003', 'pmkpi', '/pmkpi/evaluate/preevaluate/edit', '绩效目标', 'yeargoal', '1', '3', 'nomal', 'preevaluateeditservice.clickTabpage', NULL, '绩效目标', NULL, NULL, '{url:"/pmkpi/evaluate/preevaluate/progoal.page",action:''preevaluateprogoalservice.save'',busguid:''FDDCF71C312941C88D3408ACC958DBAB''}', NULL, '0', 'iframegoaltable', NULL, NULL, NULL, NULL, NULL, NULL);
INSERT INTO busfw_t_uitabpage ("GUID", "APPID", "KEY", "NAME", "CODE", "ISVISIABLE", "ORDERNUM", "CLASSNAME", "CLICK", "DISABLED", "TITLE", "FILTER", "HIDEBTNS", "CONFIG", "WFSTATUS", "WAITFLAG", "COMPONENTID", "COMPONENTCONFIG", "COMPONENTKEY", "COMPONENTDRAW", "COMPONENTSERVICEID", "COMPONENTCALLBACKFN", "DEFAULTFILTER") VALUES ('pmkpi/preevaluate/edit006', 'pmkpi', '/pmkpi/evaluate/preevaluate/edit', '年度绩效指标', 'index', '1', '4', 'nomal', 'preevaluateeditservice.clickTabpage', NULL, '年度绩效指标', NULL, NULL, '{url:"/pmkpi/program/report/proindex.page?showtab=2",action:''pmkpitlproindex.save'',busguid:''2AA2F7C3AA54442AB529CEBA1DABAF96''}', NULL, '0', 'iframeindex', NULL, NULL, NULL, NULL, NULL, NULL);
INSERT INTO busfw_t_uitabpage ("GUID", "APPID", "KEY", "NAME", "CODE", "ISVISIABLE", "ORDERNUM", "CLASSNAME", "CLICK", "DISABLED", "TITLE", "FILTER", "HIDEBTNS", "CONFIG", "WFSTATUS", "WAITFLAG", "COMPONENTID", "COMPONENTCONFIG", "COMPONENTKEY", "COMPONENTDRAW", "COMPONENTSERVICEID", "COMPONENTCALLBACKFN", "DEFAULTFILTER") VALUES ('pmkpi/preevaluate/edit004', 'pmkpi', '/pmkpi/evaluate/preevaluate/edit', '第三方意见', 'opinion', '1', '5', 'nomal', 'preevaluateeditservice.clickTabpage', NULL, '第三方意见', NULL, NULL, '{url:"/pmkpi/evaluate/preevaluate/opinion.page",action:''preevaluateopinionservice.save'',busguid:''FDDCF71C312026C88D3998ACC958DBAB''}', NULL, '0', 'iframeopiniontable', NULL, NULL, NULL, NULL, NULL, NULL);
INSERT INTO busfw_t_uitabpage ("GUID", "APPID", "KEY", "NAME", "CODE", "ISVISIABLE", "ORDERNUM", "CLASSNAME", "CLICK", "DISABLED", "TITLE", "FILTER", "HIDEBTNS", "CONFIG", "WFSTATUS", "WAITFLAG", "COMPONENTID", "COMPONENTCONFIG", "COMPONENTKEY", "COMPONENTDRAW", "COMPONENTSERVICEID", "COMPONENTCALLBACKFN", "DEFAULTFILTER") VALUES ('pmkpi/preevaluate/edit005', 'pmkpi', '/pmkpi/evaluate/preevaluate/edit', '附件管理', 'file', '1', '6', 'nomal', 'preevaluateeditservice.clickTabpage', NULL, '附件管理', NULL, '保存', '{url:''/pmkpi/file/index.page''}', NULL, '0', 'iframemance', NULL, NULL, NULL, NULL, NULL, NULL);

delete from Bus_t_Pageconsole where url in ('/pmkpi/evaluate/preevaluate/edit','/pmkpi/evaluate/preevaluate/progoal','/pmkpi/program/report/proindex','/pmkpi/evaluate/preevaluate/opinion');
INSERT INTO Bus_t_Pageconsole ("URL", "TEMPLATE", "PAGE", "JSLIB", "CSSLIB", "OBJLIB", "APPID", "CONSOLESERVICE", "METHOD", "CONFIG", "SUPCONSOLE", "REGION", "ISEXPAND") VALUES ('/pmkpi/evaluate/preevaluate/edit', 'template8', '/pmkpi/common/template/template_defautl.jsp', '/pmkpi/common/template/template_default.js', NULL, NULL, 'pmkpi', 'gov.mof.fasp2.pmkpi.evaluate.page.EvaluatePage', 'editIndex', '{main:[tabpage,editform,mxdatatable],footer:[toolbutton]}', NULL, NULL, '0');
INSERT INTO Bus_t_Pageconsole ("URL", "TEMPLATE", "PAGE", "JSLIB", "CSSLIB", "OBJLIB", "APPID", "CONSOLESERVICE", "METHOD", "CONFIG", "SUPCONSOLE", "REGION", "ISEXPAND") VALUES ('/pmkpi/evaluate/preevaluate/opinion', 'template8', '/pmkpi/common/template/template_defautl.jsp', '/pmkpi/common/template/template_default.js', NULL, NULL, 'pmkpi', 'gov.mof.fasp2.pmkpi.evaluate.page.EvaluatePage', 'toOpinion', '{main:[editform]}', NULL, NULL, '0');
INSERT INTO Bus_t_Pageconsole ("URL", "TEMPLATE", "PAGE", "JSLIB", "CSSLIB", "OBJLIB", "APPID", "CONSOLESERVICE", "METHOD", "CONFIG", "SUPCONSOLE", "REGION", "ISEXPAND") VALUES ('/pmkpi/evaluate/preevaluate/progoal', 'template8', '/pmkpi/common/template/template_defautl.jsp', '/pmkpi/common/template/template_default.js', NULL, NULL, 'pmkpi', 'gov.mof.fasp2.pmkpi.evaluate.page.EvaluatePage', 'toProgoal', '{main:[editform]}', NULL, NULL, '0');
INSERT INTO Bus_t_Pageconsole ("URL", "TEMPLATE", "PAGE", "JSLIB", "CSSLIB", "OBJLIB", "APPID", "CONSOLESERVICE", "METHOD", "CONFIG", "SUPCONSOLE", "REGION", "ISEXPAND") VALUES ('/pmkpi/program/report/proindex', 'template8', '/pmkpi/common/template/template_defautl.jsp', '/pmkpi/common/template/template_default.js', NULL, NULL, 'pmkpi', 'gov.mof.fasp2.pmkpi.perfprogram.prjindex.PrjIndexPage', 'listpage', '{main:[editform,toolbutton,indexdatatable]}', NULL, NULL, '0');

delete from Bus_t_Pageconsolecomconfig where url in ('/pmkpi/evaluate/preevaluate/edit','/pmkpi/evaluate/preevaluate/progoal','/pmkpi/program/report/proindex','/pmkpi/evaluate/preevaluate/opinion');
INSERT INTO Bus_t_Pageconsolecomconfig ("URL", "COMPONENTID", "CONFIG", "ID", "APPID", "REGION") VALUES ('/pmkpi/program/report/proindex', 'pmkpi_tlproindex', '{}', 'pmkpitlproindex', 'pmkpi', NULL);
INSERT INTO Bus_t_Pageconsolecomconfig ("URL", "COMPONENTID", "CONFIG", "ID", "APPID", "REGION") VALUES ('/pmkpi/program/report/proindex', 'busuidatatable', '{headsort:false,addrow:false,nogroupbox:false,name:''年度绩效指标'',edit:true,checkbox:false,radio:true,title:''年度绩效指标'',indextable:''v_pm_perf_indicator'',nextSibling:false,nogroupbox:true,rowtolist:false}', 'indexdatatable', 'pmkpi', NULL);
INSERT INTO Bus_t_Pageconsolecomconfig ("URL", "COMPONENTID", "CONFIG", "ID", "APPID", "REGION") VALUES ('/pmkpi/program/report/proindex', 'bustoolbutton', '{}', 'toolbutton', 'pmkpi', NULL);
INSERT INTO Bus_t_Pageconsolecomconfig ("URL", "COMPONENTID", "CONFIG", "ID", "APPID", "REGION") VALUES ('/pmkpi/program/report/proindex', 'buseditform', '{}', 'editform', 'pmkpi', NULL);
INSERT INTO Bus_t_Pageconsolecomconfig ("URL", "COMPONENTID", "CONFIG", "ID", "APPID", "REGION") VALUES ('/pmkpi/evaluate/preevaluate/progoal', 'preevaluateprogoalservice', '{}', 'preevaluateprogoalservice', 'pmkpi', NULL);
INSERT INTO Bus_t_Pageconsolecomconfig ("URL", "COMPONENTID", "CONFIG", "ID", "APPID", "REGION") VALUES ('/pmkpi/evaluate/preevaluate/progoal', 'buseditform', '{key:''/pmkpi/evaluate/preevaluate/progoal''}', 'editform', 'pmkpi', NULL);
INSERT INTO Bus_t_Pageconsolecomconfig ("URL", "COMPONENTID", "CONFIG", "ID", "APPID", "REGION") VALUES ('/pmkpi/evaluate/preevaluate/edit', 'preevaluateeditservice', '{}', 'preevaluateeditservice', 'pmkpi', NULL);
INSERT INTO Bus_t_Pageconsolecomconfig ("URL", "COMPONENTID", "CONFIG", "ID", "APPID", "REGION") VALUES ('/pmkpi/evaluate/preevaluate/edit', 'bustoolbutton', '{}', 'toolbutton', 'pmkpi', NULL);
INSERT INTO Bus_t_Pageconsolecomconfig ("URL", "COMPONENTID", "CONFIG", "ID", "APPID", "REGION") VALUES ('/pmkpi/evaluate/preevaluate/edit', 'buseditform', '{title:''基础信息'',tablecode:''v_perf_project_info'',iswf:''true''}', 'editform', 'pmkpi', NULL);
INSERT INTO Bus_t_Pageconsolecomconfig ("URL", "COMPONENTID", "CONFIG", "ID", "APPID", "REGION") VALUES ('/pmkpi/evaluate/preevaluate/edit', 'bustabpage', '{}', 'tabpage', 'pmkpi', NULL);
INSERT INTO Bus_t_Pageconsolecomconfig ("URL", "COMPONENTID", "CONFIG", "ID", "APPID", "REGION") VALUES ('/pmkpi/evaluate/preevaluate/opinion', 'buseditform', '{key:''/pmkpi/evaluate/preevaluate/opinion''}', 'editform', 'pmkpi', NULL);
INSERT INTO Bus_t_Pageconsolecomconfig ("URL", "COMPONENTID", "CONFIG", "ID", "APPID", "REGION") VALUES ('/pmkpi/evaluate/preevaluate/opinion', 'preevaluateopinionservice', '{}', 'preevaluateopinionservice', 'pmkpi', NULL);
INSERT INTO Bus_t_Pageconsolecomconfig ("URL", "COMPONENTID", "CONFIG", "ID", "APPID", "REGION") VALUES ('/pmkpi/evaluate/preevaluate/edit', 'busuidatatable', '{key:''/pmkpi/program/report/mxdatatable'',headsort:false,addrow:true,name:''预算支出明细'',edit:true,checkbox:true,title:''预算支出明细''}', 'mxdatatable', 'pmkpi', NULL);

delete from Bus_t_Pagecomponent where id in ('preevaluateprogoalservice','preevaluateeditservice','preevaluateopinionservice');
INSERT INTO Bus_t_Pagecomponent ("ID", "NAME", "TYPE", "REMARK", "JSLIB", "JSOBJECTNAME", "APPID", "SERVICE") VALUES ('preevaluateeditservice', '项目信息编辑', NULL, '项目信息编辑', '/pmkpi/evaluate/preevaluateedit.js', 'Ext.lt.pmkpi.evaluate.preevaluateeditservice', 'pmkpi', 'pmkpi.evaluate.PreEvaluateEditService');
INSERT INTO Bus_t_Pagecomponent ("ID", "NAME", "TYPE", "REMARK", "JSLIB", "JSOBJECTNAME", "APPID", "SERVICE") VALUES ('preevaluateopinionservice', '第三方意见', NULL, '第三方意见', '/pmkpi/evaluate/preevaluateopinion.js', 'Ext.lt.pmkpi.evaluate.preevaluateopinionservice', 'pmkpi', 'pmkpi.evaluate.PreEvaluateOpinionService');
INSERT INTO Bus_t_Pagecomponent ("ID", "NAME", "TYPE", "REMARK", "JSLIB", "JSOBJECTNAME", "APPID", "SERVICE") VALUES ('preevaluateprogoalservice', '项目年度目标', NULL, '项目年度目标', '/pmkpi/evaluate/preevaluateprogoal.js', 'Ext.lt.pmkpi.evaluate.preevaluateprogoalservice', 'pmkpi', 'pmkpi.evaluate.PreEvaluateProGoalService');

delete from p#BUSFW_T_UIFUNCTION where key in ('/pmkpi/evaluate/preevaluate/edit','/pmkpi/evaluate/preevaluate/progoal','/pmkpi/evaluate/preevaluate/opinion');
INSERT INTO BUSFW_T_UIFUNCTION ("GUID", "KEY", "NAME", "ISVISIABLE", "ORDERNUM", "CLASSNAME", "ACTION", "DISABLED", "TITLE", "APPID", "CODE", "PARAM", "CONFIG") VALUES ('evaluate/preevaluate/edit002', '/pmkpi/evaluate/preevaluate/edit', '取消', '1', '2', 'Nofinishicon', 'preevaluateeditservice.close', NULL, '取消', 'pmkpi', NULL, NULL, NULL);
INSERT INTO BUSFW_T_UIFUNCTION ("GUID", "KEY", "NAME", "ISVISIABLE", "ORDERNUM", "CLASSNAME", "ACTION", "DISABLED", "TITLE", "APPID", "CODE", "PARAM", "CONFIG") VALUES ('evaluate/preevaluate/edit001', '/pmkpi/evaluate/preevaluate/edit', '保存', '1', '1', 'Keepicon', 'preevaluateeditservice.infosave', NULL, '保存', 'pmkpi', NULL, NULL, NULL);

delete from p#BUSFW_T_UIEDITFORM where key in ('/pmkpi/evaluate/preevaluate/edit','/pmkpi/evaluate/preevaluate/progoal','/pmkpi/evaluate/preevaluate/opinion');
INSERT INTO BUSFW_T_UIEDITFORM ("GUID", "KEY", "TABLECODE", "TYPE", "NAME", "COLUMNCODE", "ISVISIABLE", "SHOWLEVEL", "REQUIREMENT", "DEFAULTVALUE", "ORDERNUM", "COLSPANNUM", "TEXTAREAROWS", "APPID", "ISEDIT", "LEVELCONTROL", "CONFIG", "FROMSOURCE", "BOTTOMCONTRL", "SETVALUE") VALUES ('evaluate/preevaluate/edit2', '/pmkpi/evaluate/preevaluate/edit', 'V_PERF_PROJECT_INFO', 's', '项目编号', 'PRO_CODE', '1', NULL, '1', NULL, '1', NULL, NULL, 'pmkpi', '1', NULL, '{}', NULL, NULL, NULL);
INSERT INTO BUSFW_T_UIEDITFORM ("GUID", "KEY", "TABLECODE", "TYPE", "NAME", "COLUMNCODE", "ISVISIABLE", "SHOWLEVEL", "REQUIREMENT", "DEFAULTVALUE", "ORDERNUM", "COLSPANNUM", "TEXTAREAROWS", "APPID", "ISEDIT", "LEVELCONTROL", "CONFIG", "FROMSOURCE", "BOTTOMCONTRL", "SETVALUE") VALUES ('evaluate/preevaluate/edit3', '/pmkpi/evaluate/preevaluate/edit', 'V_PERF_PROJECT_INFO', 's', '项目名称', 'PRO_NAME', '1', NULL, '1', NULL, '2', NULL, NULL, 'pmkpi', '1', NULL, '{}', NULL, NULL, NULL);
INSERT INTO BUSFW_T_UIEDITFORM ("GUID", "KEY", "TABLECODE", "TYPE", "NAME", "COLUMNCODE", "ISVISIABLE", "SHOWLEVEL", "REQUIREMENT", "DEFAULTVALUE", "ORDERNUM", "COLSPANNUM", "TEXTAREAROWS", "APPID", "ISEDIT", "LEVELCONTROL", "CONFIG", "FROMSOURCE", "BOTTOMCONTRL", "SETVALUE") VALUES ('evaluate/preevaluate/edit1', '/pmkpi/evaluate/preevaluate/edit', 'V_PERF_PROJECT_INFO', 's', '主键', 'GUID', '0', NULL, '0', NULL, '5', NULL, NULL, 'pmkpi', '0', NULL, '{}', NULL, NULL, NULL);
INSERT INTO BUSFW_T_UIEDITFORM ("GUID", "KEY", "TABLECODE", "TYPE", "NAME", "COLUMNCODE", "ISVISIABLE", "SHOWLEVEL", "REQUIREMENT", "DEFAULTVALUE", "ORDERNUM", "COLSPANNUM", "TEXTAREAROWS", "APPID", "ISEDIT", "LEVELCONTROL", "CONFIG", "FROMSOURCE", "BOTTOMCONTRL", "SETVALUE") VALUES ('B4122745AB4D962E3E0535164A8C0C98B', '/pmkpi/evaluate/preevaluate/opinion', 'PERF_PREEVALUATE_OPINION', 's', 'GUID', 'GUID', '0', NULL, '0', NULL, '1', NULL, NULL, 'pmkpi', '1', NULL, '{}', NULL, NULL, NULL);
INSERT INTO BUSFW_T_UIEDITFORM ("GUID", "KEY", "TABLECODE", "TYPE", "NAME", "COLUMNCODE", "ISVISIABLE", "SHOWLEVEL", "REQUIREMENT", "DEFAULTVALUE", "ORDERNUM", "COLSPANNUM", "TEXTAREAROWS", "APPID", "ISEDIT", "LEVELCONTROL", "CONFIG", "FROMSOURCE", "BOTTOMCONTRL", "SETVALUE") VALUES ('B412538AB4E56333E0535164A8C0C98B', '/pmkpi/evaluate/preevaluate/opinion', 'PERF_PREEVALUATE_OPINION', 's', 'MAINGUID', 'MAINGUID', '0', NULL, '0', NULL, '2', NULL, NULL, 'pmkpi', '1', NULL, '{}', NULL, NULL, NULL);
INSERT INTO BUSFW_T_UIEDITFORM ("GUID", "KEY", "TABLECODE", "TYPE", "NAME", "COLUMNCODE", "ISVISIABLE", "SHOWLEVEL", "REQUIREMENT", "DEFAULTVALUE", "ORDERNUM", "COLSPANNUM", "TEXTAREAROWS", "APPID", "ISEDIT", "LEVELCONTROL", "CONFIG", "FROMSOURCE", "BOTTOMCONTRL", "SETVALUE") VALUES ('B412538284D962E3E0495164A8C0C98B', '/pmkpi/evaluate/preevaluate/opinion', 'PERF_PREEVALUATE_OPINION', 'tree', '评审结果', 'TYPE', '1', NULL, '1', NULL, '3', NULL, NULL, 'pmkpi', '1', NULL, '{format:''#code-#name''}', '1', NULL, NULL);
INSERT INTO BUSFW_T_UIEDITFORM ("GUID", "KEY", "TABLECODE", "TYPE", "NAME", "COLUMNCODE", "ISVISIABLE", "SHOWLEVEL", "REQUIREMENT", "DEFAULTVALUE", "ORDERNUM", "COLSPANNUM", "TEXTAREAROWS", "APPID", "ISEDIT", "LEVELCONTROL", "CONFIG", "FROMSOURCE", "BOTTOMCONTRL", "SETVALUE") VALUES ('B412538AB4E562E3E0539964A8C0C98B', '/pmkpi/evaluate/preevaluate/opinion', 'PERF_PREEVALUATE_OPINION', 'textarea', '第三方事前评审
意见', 'PRECONTENT', '1', NULL, '0', NULL, '4', '3', '3', 'pmkpi', '1', NULL, '{}', NULL, NULL, NULL);
INSERT INTO BUSFW_T_UIEDITFORM ("GUID", "KEY", "TABLECODE", "TYPE", "NAME", "COLUMNCODE", "ISVISIABLE", "SHOWLEVEL", "REQUIREMENT", "DEFAULTVALUE", "ORDERNUM", "COLSPANNUM", "TEXTAREAROWS", "APPID", "ISEDIT", "LEVELCONTROL", "CONFIG", "FROMSOURCE", "BOTTOMCONTRL", "SETVALUE") VALUES ('B412538AB4D962E3E0495164A8C0C98B', '/pmkpi/evaluate/preevaluate/opinion', 'PERF_PREEVALUATE_OPINION', 'textarea', '第三方评估意见', 'CONTENT', '1', NULL, '0', NULL, '5', '3', '3', 'pmkpi', '1', NULL, '{}', NULL, NULL, NULL);
INSERT INTO BUSFW_T_UIEDITFORM ("GUID", "KEY", "TABLECODE", "TYPE", "NAME", "COLUMNCODE", "ISVISIABLE", "SHOWLEVEL", "REQUIREMENT", "DEFAULTVALUE", "ORDERNUM", "COLSPANNUM", "TEXTAREAROWS", "APPID", "ISEDIT", "LEVELCONTROL", "CONFIG", "FROMSOURCE", "BOTTOMCONTRL", "SETVALUE") VALUES ('B412538AB4D962E3E0535164A8C0C98B', '/pmkpi/evaluate/preevaluate/progoal', 'V_PM_PERF_GOAL_INFO', 'textarea', '绩效中期目标', 'ZQGOAL', '1', NULL, '1', NULL, '1', '3', '3', 'pmkpi', '1', NULL, '{}', NULL, NULL, NULL);
INSERT INTO BUSFW_T_UIEDITFORM ("GUID", "KEY", "TABLECODE", "TYPE", "NAME", "COLUMNCODE", "ISVISIABLE", "SHOWLEVEL", "REQUIREMENT", "DEFAULTVALUE", "ORDERNUM", "COLSPANNUM", "TEXTAREAROWS", "APPID", "ISEDIT", "LEVELCONTROL", "CONFIG", "FROMSOURCE", "BOTTOMCONTRL", "SETVALUE") VALUES ('B412538AB4E562E3E0535164A8C0C98B', '/pmkpi/evaluate/preevaluate/progoal', 'V_PM_PERF_GOAL_INFO', 'textarea', '年度绩效目标', 'KPI_TARGET', '1', NULL, '1', NULL, '2', '3', '3', 'pmkpi', '1', NULL, '{}', NULL, NULL, NULL);
INSERT INTO BUSFW_T_UIEDITFORM ("GUID", "KEY", "TABLECODE", "TYPE", "NAME", "COLUMNCODE", "ISVISIABLE", "SHOWLEVEL", "REQUIREMENT", "DEFAULTVALUE", "ORDERNUM", "COLSPANNUM", "TEXTAREAROWS", "APPID", "ISEDIT", "LEVELCONTROL", "CONFIG", "FROMSOURCE", "BOTTOMCONTRL", "SETVALUE") VALUES ('B412538AB4D862E3E0535164A8C0C98B', '/pmkpi/evaluate/preevaluate/progoal', 'V_PM_PERF_GOAL_INFO', 's', 'guid', 'GUID', '0', NULL, '1', NULL, '3', NULL, NULL, 'pmkpi', '1', NULL, '{}', NULL, NULL, NULL);
INSERT INTO BUSFW_T_UIEDITFORM ("GUID", "KEY", "TABLECODE", "TYPE", "NAME", "COLUMNCODE", "ISVISIABLE", "SHOWLEVEL", "REQUIREMENT", "DEFAULTVALUE", "ORDERNUM", "COLSPANNUM", "TEXTAREAROWS", "APPID", "ISEDIT", "LEVELCONTROL", "CONFIG", "FROMSOURCE", "BOTTOMCONTRL", "SETVALUE") VALUES ('B412538AB4DB62E3E0535164A8C0C98B', '/pmkpi/evaluate/preevaluate/progoal', 'V_PM_PERF_GOAL_INFO', 's', '单位', 'AGENCYGUID', '0', NULL, '1', NULL, '11', NULL, NULL, 'pmkpi', '1', NULL, '{}', NULL, NULL, NULL);
INSERT INTO BUSFW_T_UIEDITFORM ("GUID", "KEY", "TABLECODE", "TYPE", "NAME", "COLUMNCODE", "ISVISIABLE", "SHOWLEVEL", "REQUIREMENT", "DEFAULTVALUE", "ORDERNUM", "COLSPANNUM", "TEXTAREAROWS", "APPID", "ISEDIT", "LEVELCONTROL", "CONFIG", "FROMSOURCE", "BOTTOMCONTRL", "SETVALUE") VALUES ('B412538AB4DC62E3E0535164A8C0C98B', '/pmkpi/evaluate/preevaluate/progoal', 'V_PM_PERF_GOAL_INFO', 's', '主单guid', 'MAINGUID', '0', NULL, '1', NULL, '12', NULL, NULL, 'pmkpi', '1', NULL, '{}', NULL, NULL, NULL);
INSERT INTO BUSFW_T_UIEDITFORM ("GUID", "KEY", "TABLECODE", "TYPE", "NAME", "COLUMNCODE", "ISVISIABLE", "SHOWLEVEL", "REQUIREMENT", "DEFAULTVALUE", "ORDERNUM", "COLSPANNUM", "TEXTAREAROWS", "APPID", "ISEDIT", "LEVELCONTROL", "CONFIG", "FROMSOURCE", "BOTTOMCONTRL", "SETVALUE") VALUES ('B412538AB4DD62E3E0535164A8C0C98B', '/pmkpi/evaluate/preevaluate/progoal', 'V_PM_PERF_GOAL_INFO', 's', '创建时间', 'CREATETIME', '0', NULL, '1', NULL, '13', NULL, NULL, 'pmkpi', '1', NULL, '{}', NULL, NULL, NULL);
INSERT INTO BUSFW_T_UIEDITFORM ("GUID", "KEY", "TABLECODE", "TYPE", "NAME", "COLUMNCODE", "ISVISIABLE", "SHOWLEVEL", "REQUIREMENT", "DEFAULTVALUE", "ORDERNUM", "COLSPANNUM", "TEXTAREAROWS", "APPID", "ISEDIT", "LEVELCONTROL", "CONFIG", "FROMSOURCE", "BOTTOMCONTRL", "SETVALUE") VALUES ('B412538AB4DE62E3E0535164A8C0C98B', '/pmkpi/evaluate/preevaluate/progoal', 'V_PM_PERF_GOAL_INFO', 's', '创建人', 'CREATER', '0', NULL, '1', NULL, '14', NULL, NULL, 'pmkpi', '1', NULL, '{}', NULL, NULL, NULL);
INSERT INTO BUSFW_T_UIEDITFORM ("GUID", "KEY", "TABLECODE", "TYPE", "NAME", "COLUMNCODE", "ISVISIABLE", "SHOWLEVEL", "REQUIREMENT", "DEFAULTVALUE", "ORDERNUM", "COLSPANNUM", "TEXTAREAROWS", "APPID", "ISEDIT", "LEVELCONTROL", "CONFIG", "FROMSOURCE", "BOTTOMCONTRL", "SETVALUE") VALUES ('B412538AB4DF62E3E0535164A8C0C98B', '/pmkpi/evaluate/preevaluate/progoal', 'V_PM_PERF_GOAL_INFO', 's', '区划', 'PROVINCE', '0', NULL, '1', NULL, '15', NULL, NULL, 'pmkpi', '1', NULL, '{}', NULL, NULL, NULL);
INSERT INTO BUSFW_T_UIEDITFORM ("GUID", "KEY", "TABLECODE", "TYPE", "NAME", "COLUMNCODE", "ISVISIABLE", "SHOWLEVEL", "REQUIREMENT", "DEFAULTVALUE", "ORDERNUM", "COLSPANNUM", "TEXTAREAROWS", "APPID", "ISEDIT", "LEVELCONTROL", "CONFIG", "FROMSOURCE", "BOTTOMCONTRL", "SETVALUE") VALUES ('B412538AB4E062E3E0535164A8C0C98B', '/pmkpi/evaluate/preevaluate/progoal', 'V_PM_PERF_GOAL_INFO', 's', '年度', 'YEAR', '0', NULL, '1', NULL, '16', NULL, NULL, 'pmkpi', '1', NULL, '{}', NULL, NULL, NULL);
INSERT INTO BUSFW_T_UIEDITFORM ("GUID", "KEY", "TABLECODE", "TYPE", "NAME", "COLUMNCODE", "ISVISIABLE", "SHOWLEVEL", "REQUIREMENT", "DEFAULTVALUE", "ORDERNUM", "COLSPANNUM", "TEXTAREAROWS", "APPID", "ISEDIT", "LEVELCONTROL", "CONFIG", "FROMSOURCE", "BOTTOMCONTRL", "SETVALUE") VALUES ('B412538AB4E262E3E0535164A8C0C98B', '/pmkpi/evaluate/preevaluate/progoal', 'V_PM_PERF_GOAL_INFO', 's', '财政区划代码', 'MOF_DIV_CODE', '0', NULL, '1', NULL, '17', NULL, NULL, 'pmkpi', '1', NULL, '{}', NULL, NULL, NULL);
INSERT INTO BUSFW_T_UIEDITFORM ("GUID", "KEY", "TABLECODE", "TYPE", "NAME", "COLUMNCODE", "ISVISIABLE", "SHOWLEVEL", "REQUIREMENT", "DEFAULTVALUE", "ORDERNUM", "COLSPANNUM", "TEXTAREAROWS", "APPID", "ISEDIT", "LEVELCONTROL", "CONFIG", "FROMSOURCE", "BOTTOMCONTRL", "SETVALUE") VALUES ('B412538AB4E362E3E0535164A8C0C98B', '/pmkpi/evaluate/preevaluate/progoal', 'V_PM_PERF_GOAL_INFO', 's', '预算年度', 'FISCAL_YEAR', '0', NULL, '1', NULL, '20', NULL, NULL, 'pmkpi', '1', NULL, '{}', NULL, NULL, NULL);
INSERT INTO BUSFW_T_UIEDITFORM ("GUID", "KEY", "TABLECODE", "TYPE", "NAME", "COLUMNCODE", "ISVISIABLE", "SHOWLEVEL", "REQUIREMENT", "DEFAULTVALUE", "ORDERNUM", "COLSPANNUM", "TEXTAREAROWS", "APPID", "ISEDIT", "LEVELCONTROL", "CONFIG", "FROMSOURCE", "BOTTOMCONTRL", "SETVALUE") VALUES ('B412538AB4E462E3E0535164A8C0C98B', '/pmkpi/evaluate/preevaluate/progoal', 'V_PM_PERF_GOAL_INFO', 's', '项目代码', 'PRO_CODE', '0', NULL, '1', NULL, '21', NULL, NULL, 'pmkpi', '1', NULL, '{}', NULL, NULL, NULL);
INSERT INTO BUSFW_T_UIEDITFORM ("GUID", "KEY", "TABLECODE", "TYPE", "NAME", "COLUMNCODE", "ISVISIABLE", "SHOWLEVEL", "REQUIREMENT", "DEFAULTVALUE", "ORDERNUM", "COLSPANNUM", "TEXTAREAROWS", "APPID", "ISEDIT", "LEVELCONTROL", "CONFIG", "FROMSOURCE", "BOTTOMCONTRL", "SETVALUE") VALUES ('B412538AB4E162E3E0535164A8C0C98B', '/pmkpi/evaluate/preevaluate/progoal', 'V_PM_PERF_GOAL_INFO', 's', '项目绩效目标主键', 'KPI_PER_ID', '0', NULL, '1', NULL, '22', NULL, NULL, 'pmkpi', '1', NULL, '{}', NULL, NULL, NULL);
INSERT INTO BUSFW_T_UIEDITFORM ("GUID", "KEY", "TABLECODE", "TYPE", "NAME", "COLUMNCODE", "ISVISIABLE", "SHOWLEVEL", "REQUIREMENT", "DEFAULTVALUE", "ORDERNUM", "COLSPANNUM", "TEXTAREAROWS", "APPID", "ISEDIT", "LEVELCONTROL", "CONFIG", "FROMSOURCE", "BOTTOMCONTRL", "SETVALUE") VALUES ('B412538AB4E662E3E0535164A8C0C98B', '/pmkpi/evaluate/preevaluate/progoal', 'V_PM_PERF_GOAL_INFO', 's', '业务类型代码', 'BUSI_TYPE', '0', NULL, '1', 'PMGOAL', '23', NULL, NULL, 'pmkpi', '1', NULL, '{}', NULL, NULL, NULL);
INSERT INTO BUSFW_T_UIEDITFORM ("GUID", "KEY", "TABLECODE", "TYPE", "NAME", "COLUMNCODE", "ISVISIABLE", "SHOWLEVEL", "REQUIREMENT", "DEFAULTVALUE", "ORDERNUM", "COLSPANNUM", "TEXTAREAROWS", "APPID", "ISEDIT", "LEVELCONTROL", "CONFIG", "FROMSOURCE", "BOTTOMCONTRL", "SETVALUE") VALUES ('B412538AB4E762E3E0535164A8C0C98B', '/pmkpi/evaluate/preevaluate/progoal', 'V_PM_PERF_GOAL_INFO', 's', '版本号', 'VERSION', '0', NULL, '1', '1.0.0.0', '24', NULL, NULL, 'pmkpi', '1', NULL, '{}', NULL, NULL, NULL);
INSERT INTO BUSFW_T_UIEDITFORM ("GUID", "KEY", "TABLECODE", "TYPE", "NAME", "COLUMNCODE", "ISVISIABLE", "SHOWLEVEL", "REQUIREMENT", "DEFAULTVALUE", "ORDERNUM", "COLSPANNUM", "TEXTAREAROWS", "APPID", "ISEDIT", "LEVELCONTROL", "CONFIG", "FROMSOURCE", "BOTTOMCONTRL", "SETVALUE") VALUES ('B412538AB4E862E3E0535164A8C0C98B', '/pmkpi/evaluate/preevaluate/progoal', 'V_PM_PERF_GOAL_INFO', 's', '版本说明', 'VERSION_NAME', '0', NULL, '1', '版本号', '25', NULL, NULL, 'pmkpi', '1', NULL, '{}', NULL, NULL, NULL);
INSERT INTO BUSFW_T_UIEDITFORM ("GUID", "KEY", "TABLECODE", "TYPE", "NAME", "COLUMNCODE", "ISVISIABLE", "SHOWLEVEL", "REQUIREMENT", "DEFAULTVALUE", "ORDERNUM", "COLSPANNUM", "TEXTAREAROWS", "APPID", "ISEDIT", "LEVELCONTROL", "CONFIG", "FROMSOURCE", "BOTTOMCONTRL", "SETVALUE") VALUES ('B412538AB4E962E3E0535164A8C0C98B', '/pmkpi/evaluate/preevaluate/progoal', 'V_PM_PERF_GOAL_INFO', 's', '下级财政区划代码', 'SUB_MOF_CODE', '0', NULL, '1', '1', '26', NULL, NULL, 'pmkpi', '1', NULL, '{}', NULL, NULL, NULL);
INSERT INTO BUSFW_T_UIEDITFORM ("GUID", "KEY", "TABLECODE", "TYPE", "NAME", "COLUMNCODE", "ISVISIABLE", "SHOWLEVEL", "REQUIREMENT", "DEFAULTVALUE", "ORDERNUM", "COLSPANNUM", "TEXTAREAROWS", "APPID", "ISEDIT", "LEVELCONTROL", "CONFIG", "FROMSOURCE", "BOTTOMCONTRL", "SETVALUE") VALUES ('B412538AB4EA62E3E0535164A8C0C98B', '/pmkpi/evaluate/preevaluate/progoal', 'V_PM_PERF_GOAL_INFO', 's', '更新时间', 'UPDATE_TIME', '0', NULL, '1', NULL, '27', NULL, NULL, 'pmkpi', '1', NULL, '{}', NULL, NULL, NULL);
INSERT INTO BUSFW_T_UIEDITFORM ("GUID", "KEY", "TABLECODE", "TYPE", "NAME", "COLUMNCODE", "ISVISIABLE", "SHOWLEVEL", "REQUIREMENT", "DEFAULTVALUE", "ORDERNUM", "COLSPANNUM", "TEXTAREAROWS", "APPID", "ISEDIT", "LEVELCONTROL", "CONFIG", "FROMSOURCE", "BOTTOMCONTRL", "SETVALUE") VALUES ('B412538AB4EB62E3E0535164A8C0C98B', '/pmkpi/evaluate/preevaluate/progoal', 'V_PM_PERF_GOAL_INFO', 's', '是否删除1是2否', 'IS_DELETED', '0', NULL, '1', '2', '28', NULL, NULL, 'pmkpi', '1', NULL, '{}', NULL, NULL, NULL);
INSERT INTO BUSFW_T_UIEDITFORM ("GUID", "KEY", "TABLECODE", "TYPE", "NAME", "COLUMNCODE", "ISVISIABLE", "SHOWLEVEL", "REQUIREMENT", "DEFAULTVALUE", "ORDERNUM", "COLSPANNUM", "TEXTAREAROWS", "APPID", "ISEDIT", "LEVELCONTROL", "CONFIG", "FROMSOURCE", "BOTTOMCONTRL", "SETVALUE") VALUES ('B412538AB4EC62E3E0535164A8C0C98B', '/pmkpi/evaluate/preevaluate/progoal', 'V_PM_PERF_GOAL_INFO', 's', '创建时间', 'CREATE_TIME', '0', NULL, '1', NULL, '29', NULL, NULL, 'pmkpi', '1', NULL, '{}', NULL, NULL, NULL);
INSERT INTO BUSFW_T_UIEDITFORM ("GUID", "KEY", "TABLECODE", "TYPE", "NAME", "COLUMNCODE", "ISVISIABLE", "SHOWLEVEL", "REQUIREMENT", "DEFAULTVALUE", "ORDERNUM", "COLSPANNUM", "TEXTAREAROWS", "APPID", "ISEDIT", "LEVELCONTROL", "CONFIG", "FROMSOURCE", "BOTTOMCONTRL", "SETVALUE") VALUES ('B412538AB4ED62E3E0535164A8C0C98B', '/pmkpi/evaluate/preevaluate/progoal', 'V_PM_PERF_GOAL_INFO', 's', '单位', 'AGENCY_CODE', '0', NULL, '1', NULL, '30', NULL, NULL, 'pmkpi', '1', NULL, '{}', NULL, NULL, NULL);

delete from p#busfw_t_uitable t where key in('/pmkpi/evaluate/thirdevaluate/dept/index');
insert into busfw_t_uitable (GUID, KEY, TABLECODE, PAGENUM, TOTALTAG, LOCKNUM, ORDERBY, DEFQUERY, APPID, CONFIG)
values ('BC61B11F074430EDE053B11FA8C08DAC', '/pmkpi/evaluate/thirdevaluate/dept/index', 'V_PERF_DEPT_INFOREVIEW', 100, 0, 0, null, null, 'pmkpi', null);

delete from p#busfw_t_uicolumn t where key in('/pmkpi/evaluate/thirdevaluate/dept/index');
insert into busfw_t_uicolumn (GUID, KEY, COLUMNCODE, NAME, ORDERNUM, ISVISIABLE, ISEDIT, TOTALTAG, SHOWLEVEL, REQUIREMENT, COLTYPE, HEAD, FORMAT, DEFAULTVALUE, LEVELCONTROL, COLWIDTH, ISSOURCE, TYPE, CONFIG, BOTTOMCONTRL)
values ('BC61B11F07AE30EDE053B11FA8C08DAC', '/pmkpi/evaluate/thirdevaluate/dept/index', 'AUDITTYPENAME', '类型', 1, 1, 0, 0, null, 0, 6, null, null, null, null, 150, 1, 'tree', null, null);

insert into busfw_t_uicolumn (GUID, KEY, COLUMNCODE, NAME, ORDERNUM, ISVISIABLE, ISEDIT, TOTALTAG, SHOWLEVEL, REQUIREMENT, COLTYPE, HEAD, FORMAT, DEFAULTVALUE, LEVELCONTROL, COLWIDTH, ISSOURCE, TYPE, CONFIG, BOTTOMCONTRL)
values ('BC61B11F07A930EDE053B11FA8C08DAC', '/pmkpi/evaluate/thirdevaluate/dept/index', 'GUID', 'guid', 1, 0, 0, 0, null, 0, 6, null, null, null, null, null, 0, 's', null, null);

insert into busfw_t_uicolumn (GUID, KEY, COLUMNCODE, NAME, ORDERNUM, ISVISIABLE, ISEDIT, TOTALTAG, SHOWLEVEL, REQUIREMENT, COLTYPE, HEAD, FORMAT, DEFAULTVALUE, LEVELCONTROL, COLWIDTH, ISSOURCE, TYPE, CONFIG, BOTTOMCONTRL)
values ('BC61B11F07AA30EDE053B11FA8C08DAC', '/pmkpi/evaluate/thirdevaluate/dept/index', 'CODE', '单位编码', 2, 1, 0, 0, null, 0, 6, null, null, null, null, 150, 0, 's', null, null);

insert into busfw_t_uicolumn (GUID, KEY, COLUMNCODE, NAME, ORDERNUM, ISVISIABLE, ISEDIT, TOTALTAG, SHOWLEVEL, REQUIREMENT, COLTYPE, HEAD, FORMAT, DEFAULTVALUE, LEVELCONTROL, COLWIDTH, ISSOURCE, TYPE, CONFIG, BOTTOMCONTRL)
values ('BC61B11F07AB30EDE053B11FA8C08DAC', '/pmkpi/evaluate/thirdevaluate/dept/index', 'NAME', '单位名称', 3, 1, 0, 0, null, 0, 6, null, null, null, null, 200, 0, 's', null, null);

insert into busfw_t_uicolumn (GUID, KEY, COLUMNCODE, NAME, ORDERNUM, ISVISIABLE, ISEDIT, TOTALTAG, SHOWLEVEL, REQUIREMENT, COLTYPE, HEAD, FORMAT, DEFAULTVALUE, LEVELCONTROL, COLWIDTH, ISSOURCE, TYPE, CONFIG, BOTTOMCONTRL)
values ('BC61B11F07AC30EDE053B11FA8C08DAC', '/pmkpi/evaluate/thirdevaluate/dept/index', 'LINKMAN', '联系人', 4, 1, 0, 0, null, 0, 6, null, null, null, null, 100, 0, 's', null, null);

insert into busfw_t_uicolumn (GUID, KEY, COLUMNCODE, NAME, ORDERNUM, ISVISIABLE, ISEDIT, TOTALTAG, SHOWLEVEL, REQUIREMENT, COLTYPE, HEAD, FORMAT, DEFAULTVALUE, LEVELCONTROL, COLWIDTH, ISSOURCE, TYPE, CONFIG, BOTTOMCONTRL)
values ('BC61B11F07AD30EDE053B11FA8C08DAC', '/pmkpi/evaluate/thirdevaluate/dept/index', 'YEAR', '预算年度', 5, 1, 0, 0, null, 0, 6, null, null, null, null, 100, 0, 's', null, null);

insert into busfw_t_uicolumn (GUID, KEY, COLUMNCODE, NAME, ORDERNUM, ISVISIABLE, ISEDIT, TOTALTAG, SHOWLEVEL, REQUIREMENT, COLTYPE, HEAD, FORMAT, DEFAULTVALUE, LEVELCONTROL, COLWIDTH, ISSOURCE, TYPE, CONFIG, BOTTOMCONTRL)
values ('BC61B11F07A830EDE053B11FA8C08DAC', '/pmkpi/evaluate/thirdevaluate/dept/index', 'PROGUID', '项目guid', 10, 0, 0, 0, null, 0, null, null, null, null, null, null, 0, 's', null, null);

delete from p#busfw_t_uiqueryform t where t.key in('/pmkpi/evaluate/thirdevaluate/dept/index');
insert into busfw_t_uiqueryform (GUID, KEY, COLUMNCODE, NAME, ORDERNUM, ISVISIABLE, TYPE, DEFAULTVALUE, LINKCHILD, LINKPARENT, APPID, TABLECODE, CONFIG, BOTTOMCONTRL)
values ('BC61B11F07B030EDE053B11FA8C08DAC', '/pmkpi/evaluate/thirdevaluate/dept/index', 'NAME', '单位名称', 1, 1, 's', null, null, null, 'pmkpi', 'V_PERF_DEPT_INFOREVIEW', '{}', null);

delete from p#busfw_t_uitable t where key in('/pmkpi/evaluate/thirdevaluate/index');
insert into busfw_t_uitable (GUID, KEY, TABLECODE, PAGENUM, TOTALTAG, LOCKNUM, ORDERBY, DEFQUERY, APPID, CONFIG)
values ('2259FFA129004F13B6730C730E8FC124', '/pmkpi/evaluate/thirdevaluate/index', 'V_PERF_T_PROJREVIEW', 100, 1, 0, null, null, 'pmkpi', null);

delete from p#busfw_t_uicolumn t where key in('/pmkpi/evaluate/thirdevaluate/index');
insert into busfw_t_uicolumn (GUID, KEY, COLUMNCODE, NAME, ORDERNUM, ISVISIABLE, ISEDIT, TOTALTAG, SHOWLEVEL, REQUIREMENT, COLTYPE, HEAD, FORMAT, DEFAULTVALUE, LEVELCONTROL, COLWIDTH, ISSOURCE, TYPE, CONFIG, BOTTOMCONTRL)
values ('BC50B4CCE9E25EE5E053B11FA8C0EB54', '/pmkpi/evaluate/thirdevaluate/index', 'AUDITTYPENAME', '状态', 1, 1, 0, null, null, null, null, null, null, null, null, null, 1, 's', '{}', null);

insert into busfw_t_uicolumn (GUID, KEY, COLUMNCODE, NAME, ORDERNUM, ISVISIABLE, ISEDIT, TOTALTAG, SHOWLEVEL, REQUIREMENT, COLTYPE, HEAD, FORMAT, DEFAULTVALUE, LEVELCONTROL, COLWIDTH, ISSOURCE, TYPE, CONFIG, BOTTOMCONTRL)
values ('BC50B4CCE9E15EE5E053B11FA8C0EB54', '/pmkpi/evaluate/thirdevaluate/index', 'GUID', '主键', 1, 0, 0, null, null, null, null, null, null, null, null, null, 1, 's', '{}', null);

insert into busfw_t_uicolumn (GUID, KEY, COLUMNCODE, NAME, ORDERNUM, ISVISIABLE, ISEDIT, TOTALTAG, SHOWLEVEL, REQUIREMENT, COLTYPE, HEAD, FORMAT, DEFAULTVALUE, LEVELCONTROL, COLWIDTH, ISSOURCE, TYPE, CONFIG, BOTTOMCONTRL)
values ('BC50B4CCE9D55EE5E053B11FA8C0EB54', '/pmkpi/evaluate/thirdevaluate/index', 'PRO_CODE', '项目编号', 2, 1, 0, null, null, null, 1, null, null, null, null, null, 0, 's', '{}', null);

insert into busfw_t_uicolumn (GUID, KEY, COLUMNCODE, NAME, ORDERNUM, ISVISIABLE, ISEDIT, TOTALTAG, SHOWLEVEL, REQUIREMENT, COLTYPE, HEAD, FORMAT, DEFAULTVALUE, LEVELCONTROL, COLWIDTH, ISSOURCE, TYPE, CONFIG, BOTTOMCONTRL)
values ('BC50B4CCE9DD5EE5E053B11FA8C0EB54', '/pmkpi/evaluate/thirdevaluate/index', 'PRO_NAME', '项目名称', 3, 1, 0, null, null, null, 1, null, null, null, null, null, 0, 's', '{}', null);

insert into busfw_t_uicolumn (GUID, KEY, COLUMNCODE, NAME, ORDERNUM, ISVISIABLE, ISEDIT, TOTALTAG, SHOWLEVEL, REQUIREMENT, COLTYPE, HEAD, FORMAT, DEFAULTVALUE, LEVELCONTROL, COLWIDTH, ISSOURCE, TYPE, CONFIG, BOTTOMCONTRL)
values ('BC50B4CCE9DB5EE5E053B11FA8C0EB54', '/pmkpi/evaluate/thirdevaluate/index', 'AGENCYGUID', '预算单位', 4, 1, 0, null, null, null, null, null, '#code-#name', null, null, null, 1, 'tree', '{}', null);

insert into busfw_t_uicolumn (GUID, KEY, COLUMNCODE, NAME, ORDERNUM, ISVISIABLE, ISEDIT, TOTALTAG, SHOWLEVEL, REQUIREMENT, COLTYPE, HEAD, FORMAT, DEFAULTVALUE, LEVELCONTROL, COLWIDTH, ISSOURCE, TYPE, CONFIG, BOTTOMCONTRL)
values ('BC50B4CCE9D95EE5E053B11FA8C0EB54', '/pmkpi/evaluate/thirdevaluate/index', 'FININTORGGUID', '管理处室', 5, 1, 0, null, null, null, null, null, '#code-#name', null, null, null, 1, 'tree', '{}', null);

insert into busfw_t_uicolumn (GUID, KEY, COLUMNCODE, NAME, ORDERNUM, ISVISIABLE, ISEDIT, TOTALTAG, SHOWLEVEL, REQUIREMENT, COLTYPE, HEAD, FORMAT, DEFAULTVALUE, LEVELCONTROL, COLWIDTH, ISSOURCE, TYPE, CONFIG, BOTTOMCONTRL)
values ('BC50B4CCE9D65EE5E053B11FA8C0EB54', '/pmkpi/evaluate/thirdevaluate/index', 'EXP_FUNC_CODE', '支出功能分类', 6, 0, 0, null, null, null, null, null, '#code-#name', null, null, null, 1, 'tree', '{}', null);

insert into busfw_t_uicolumn (GUID, KEY, COLUMNCODE, NAME, ORDERNUM, ISVISIABLE, ISEDIT, TOTALTAG, SHOWLEVEL, REQUIREMENT, COLTYPE, HEAD, FORMAT, DEFAULTVALUE, LEVELCONTROL, COLWIDTH, ISSOURCE, TYPE, CONFIG, BOTTOMCONTRL)
values ('BC50B4CCE9E05EE5E053B11FA8C0EB54', '/pmkpi/evaluate/thirdevaluate/index', 'YEAR', '项目年度', 7, 1, 0, null, null, null, 1, null, null, null, null, null, 0, 's', '{}', null);

insert into busfw_t_uicolumn (GUID, KEY, COLUMNCODE, NAME, ORDERNUM, ISVISIABLE, ISEDIT, TOTALTAG, SHOWLEVEL, REQUIREMENT, COLTYPE, HEAD, FORMAT, DEFAULTVALUE, LEVELCONTROL, COLWIDTH, ISSOURCE, TYPE, CONFIG, BOTTOMCONTRL)
values ('BC50B4CCE9D85EE5E053B11FA8C0EB54', '/pmkpi/evaluate/thirdevaluate/index', 'CREATE_TIME', '开始年份', 8, 0, 0, null, null, null, 1, null, null, null, null, null, 0, 's', '{}', null);

insert into busfw_t_uicolumn (GUID, KEY, COLUMNCODE, NAME, ORDERNUM, ISVISIABLE, ISEDIT, TOTALTAG, SHOWLEVEL, REQUIREMENT, COLTYPE, HEAD, FORMAT, DEFAULTVALUE, LEVELCONTROL, COLWIDTH, ISSOURCE, TYPE, CONFIG, BOTTOMCONTRL)
values ('BC50B4CCE9D75EE5E053B11FA8C0EB54', '/pmkpi/evaluate/thirdevaluate/index', 'UPDATE_TIME', '结束年份', 9, 0, 0, null, null, null, 1, null, null, null, null, null, 0, 's', '{}', null);

insert into busfw_t_uicolumn (GUID, KEY, COLUMNCODE, NAME, ORDERNUM, ISVISIABLE, ISEDIT, TOTALTAG, SHOWLEVEL, REQUIREMENT, COLTYPE, HEAD, FORMAT, DEFAULTVALUE, LEVELCONTROL, COLWIDTH, ISSOURCE, TYPE, CONFIG, BOTTOMCONTRL)
values ('BC50B4CCE9DF5EE5E053B11FA8C0EB54', '/pmkpi/evaluate/thirdevaluate/index', 'WFSTATUS', '流程状态', 10, 0, 0, null, null, null, null, null, '#code-#name', null, null, null, 1, 'tree', '{}', null);

insert into busfw_t_uicolumn (GUID, KEY, COLUMNCODE, NAME, ORDERNUM, ISVISIABLE, ISEDIT, TOTALTAG, SHOWLEVEL, REQUIREMENT, COLTYPE, HEAD, FORMAT, DEFAULTVALUE, LEVELCONTROL, COLWIDTH, ISSOURCE, TYPE, CONFIG, BOTTOMCONTRL)
values ('BC50B4CCE9DC5EE5E053B11FA8C0EB54', '/pmkpi/evaluate/thirdevaluate/index', 'CONCLUSION', '评审结论', 11, 0, 0, null, null, null, 1, null, null, null, null, null, 0, 's', '{}', null);

insert into busfw_t_uicolumn (GUID, KEY, COLUMNCODE, NAME, ORDERNUM, ISVISIABLE, ISEDIT, TOTALTAG, SHOWLEVEL, REQUIREMENT, COLTYPE, HEAD, FORMAT, DEFAULTVALUE, LEVELCONTROL, COLWIDTH, ISSOURCE, TYPE, CONFIG, BOTTOMCONTRL)
values ('BC50B4CCE9DE5EE5E053B11FA8C0EB54', '/pmkpi/evaluate/thirdevaluate/index', 'WFID', '工作流id', 12, 0, 0, null, null, null, 1, null, null, null, null, null, 0, 's', '{}', null);

insert into busfw_t_uicolumn (GUID, KEY, COLUMNCODE, NAME, ORDERNUM, ISVISIABLE, ISEDIT, TOTALTAG, SHOWLEVEL, REQUIREMENT, COLTYPE, HEAD, FORMAT, DEFAULTVALUE, LEVELCONTROL, COLWIDTH, ISSOURCE, TYPE, CONFIG, BOTTOMCONTRL)
values ('BC50B4CCE9DA5EE5E053B11FA8C0EB54', '/pmkpi/evaluate/thirdevaluate/index', 'PROGUID', '项目id', 13, 0, 0, null, null, null, 1, null, null, null, null, null, 0, 's', '{}', null);

delete from p#busfw_t_uiqueryform t where t.key in('/pmkpi/evaluate/thirdevaluate/index');
insert into busfw_t_uiqueryform (GUID, KEY, COLUMNCODE, NAME, ORDERNUM, ISVISIABLE, TYPE, DEFAULTVALUE, LINKCHILD, LINKPARENT, APPID, TABLECODE, CONFIG, BOTTOMCONTRL)
values ('A255BE0D773440F1A19B99D564AB4FAE', '/pmkpi/evaluate/thirdevaluate/index', 'PRO_NAME', '项目名称', 1, 1, 's', null, null, null, 'pmkpi', 'V_PERF_T_PROJREVIEW', '{}', null);
