begin

--јЁР§їјєЛёЅјюЙПґ«
delete from bus_t_pageconsole t where t.url in('/pmkpi/appraisal/report');
insert into bus_t_pageconsole (URL, TEMPLATE, PAGE, JSLIB, CSSLIB, OBJLIB, APPID, CONSOLESERVICE, METHOD, CONFIG, SUPCONSOLE, REGION, ISEXPAND)
values ('/pmkpi/appraisal/report', 'template8', '/pmkpi/common/template/template_defautl.jsp', '/pmkpi/common/template/template_default.js', null, null, 'pmkpi', 'gov.mof.fasp2.pmkpi.appraisal.report.AppraisalReportPage', 'index', '{header:[header],left:lefttree,main:[toolbutton,queryform,tabpage,datatable]}', null, null, 0);

delete from bus_t_pagecomponent t where t.id in('pmkpi_appraisalreport');
insert into bus_t_pagecomponent (ID, NAME, TYPE, REMARK, JSLIB, JSOBJECTNAME, APPID, SERVICE)
values ('pmkpi_appraisalreport', 'јЁР§їјєЛёЅјюЙПґ«', null, 'јЁР§їјєЛёЅјюЙПґ«', '/pmkpi/appraisal/appraisalreport.js', 'Ext.lt.pmkpi.appraisalreport', 'pmkpi', 'pmkpi.appraisal.AppraisalReportService');

delete from bus_t_pageconsolecomconfig t where t.url in('/pmkpi/appraisal/report');
insert into bus_t_pageconsolecomconfig (URL, COMPONENTID, CONFIG, ID, APPID, REGION)
values ('/pmkpi/appraisal/report', 'pmkpi_appraisalreport', '{}', 'appraisalreport', 'pmkpi', null);

insert into bus_t_pageconsolecomconfig (URL, COMPONENTID, CONFIG, ID, APPID, REGION)
values ('/pmkpi/appraisal/report', 'header', '{}', 'header', 'pmkpi', null);

insert into bus_t_pageconsolecomconfig (URL, COMPONENTID, CONFIG, ID, APPID, REGION)
values ('/pmkpi/appraisal/report', 'busuidatatable', '{name:''јЁР§їјєЛёЅјю'',checkbox:true,title:''јЁР§їјєЛёЅјю'',edit:true,addrow:false}', 'datatable', 'pmkpi', null);

insert into bus_t_pageconsolecomconfig (URL, COMPONENTID, CONFIG, ID, APPID, REGION)
values ('/pmkpi/appraisal/report', 'bustoolbutton', '{}', 'toolbutton', 'pmkpi', null);

insert into bus_t_pageconsolecomconfig (URL, COMPONENTID, CONFIG, ID, APPID, REGION)
values ('/pmkpi/appraisal/report', 'bustabpage', '{}', 'tabpage', 'pmkpi', null);

insert into bus_t_pageconsolecomconfig (URL, COMPONENTID, CONFIG, ID, APPID, REGION)
values ('/pmkpi/appraisal/report', 'buslefttree', '{}', 'lefttree', 'pmkpi', null);

insert into bus_t_pageconsolecomconfig (URL, COMPONENTID, CONFIG, ID, APPID, REGION)
values ('/pmkpi/appraisal/report', 'busqueryform', '{name:''ІйСЇЗш'',datatable:''datatable'',fastquery:true,drawmode:''div'',label:''їмЛЩІйСЇ'',labelwidth:''120''}', 'queryform', 'pmkpi', null);

--јЁР§їјєЛёЅјюЙуєЛ
delete from bus_t_pageconsole t where t.url in('/pmkpi/appraisal/audit');
insert into bus_t_pageconsole (URL, TEMPLATE, PAGE, JSLIB, CSSLIB, OBJLIB, APPID, CONSOLESERVICE, METHOD, CONFIG, SUPCONSOLE, REGION, ISEXPAND)
values ('/pmkpi/appraisal/audit', 'template8', '/pmkpi/common/template/template_defautl.jsp', '/pmkpi/common/template/template_default.js', null, null, 'pmkpi', 'gov.mof.fasp2.pmkpi.appraisal.audit.AppraisalAuditPage', 'index', '{header:[header],left:lefttree,main:[toolbutton,queryform,tabpage,datatable]}', null, null, 0);

delete from bus_t_pagecomponent t where t.id in('pmkpi_appraisalaudit');
insert into bus_t_pagecomponent (ID, NAME, TYPE, REMARK, JSLIB, JSOBJECTNAME, APPID, SERVICE)
values ('pmkpi_appraisalaudit', 'јЁР§їјєЛЙуєЛ', null, 'јЁР§їјєЛЙуєЛ', '/pmkpi/appraisal/appraisalaudit.js', 'Ext.lt.pmkpi.appraisalaudit', 'pmkpi', 'pmkpi.appraisal.AppraisalAuditService');

delete from bus_t_pageconsolecomconfig t where t.url in('/pmkpi/appraisal/audit');
insert into bus_t_pageconsolecomconfig (URL, COMPONENTID, CONFIG, ID, APPID, REGION)
values ('/pmkpi/appraisal/audit', 'pmkpi_appraisalaudit', '{}', 'appraisalaudit', 'pmkpi', null);

insert into bus_t_pageconsolecomconfig (URL, COMPONENTID, CONFIG, ID, APPID, REGION)
values ('/pmkpi/appraisal/audit', 'header', '{}', 'header', 'pmkpi', null);

insert into bus_t_pageconsolecomconfig (URL, COMPONENTID, CONFIG, ID, APPID, REGION)
values ('/pmkpi/appraisal/audit', 'busuidatatable', '{key:''/pmkpi/appraisal/report'',name:''јЁР§їјєЛёЅјюЙуєЛ'',checkbox:true,title:''јЁР§їјєЛёЅјюЙуєЛ'',edit:false,addrow:false}', 'datatable', 'pmkpi', null);

insert into bus_t_pageconsolecomconfig (URL, COMPONENTID, CONFIG, ID, APPID, REGION)
values ('/pmkpi/appraisal/audit', 'bustoolbutton', '{}', 'toolbutton', 'pmkpi', null);

insert into bus_t_pageconsolecomconfig (URL, COMPONENTID, CONFIG, ID, APPID, REGION)
values ('/pmkpi/appraisal/audit', 'bustabpage', '{}', 'tabpage', 'pmkpi', null);

insert into bus_t_pageconsolecomconfig (URL, COMPONENTID, CONFIG, ID, APPID, REGION)
values ('/pmkpi/appraisal/audit', 'buslefttree', '{}', 'lefttree', 'pmkpi', null);

insert into bus_t_pageconsolecomconfig (URL, COMPONENTID, CONFIG, ID, APPID, REGION)
values ('/pmkpi/appraisal/audit', 'busqueryform', '{key:''/pmkpi/appraisal/report'',name:''ІйСЇЗш'',datatable:''datatable'',fastquery:true,drawmode:''div'',label:''їмЛЩІйСЇ'',labelwidth:''120''}', 'queryform', 'pmkpi', null);

--јЁР§їјєЛёЅјюІйСЇ
delete from bus_t_pageconsole t where t.url in('/pmkpi/appraisal/query');
insert into bus_t_pageconsole (URL, TEMPLATE, PAGE, JSLIB, CSSLIB, OBJLIB, APPID, CONSOLESERVICE, METHOD, CONFIG, SUPCONSOLE, REGION, ISEXPAND)
values ('/pmkpi/appraisal/query', 'template8', '/pmkpi/common/template/template_defautl.jsp', '/pmkpi/common/template/template_default.js', null, null, 'pmkpi', 'gov.mof.fasp2.pmkpi.appraisal.query.AppraisalQueryPage', 'index', '{header:[header],left:lefttree,main:[toolbutton,queryform,datatable]}', null, null, 0);

delete from bus_t_pagecomponent t where t.id in('pmkpi_appraisalquery');
insert into bus_t_pagecomponent (ID, NAME, TYPE, REMARK, JSLIB, JSOBJECTNAME, APPID, SERVICE)
values ('pmkpi_appraisalquery', 'јЁР§їјєЛІйСЇ', null, 'јЁР§їјєЛІйСЇ', '/pmkpi/appraisal/appraisalquery.js', 'Ext.lt.pmkpi.appraisalquery', 'pmkpi', 'pmkpi.appraisal.AppraisalQueryService');

delete from bus_t_pageconsolecomconfig t where t.url in('/pmkpi/appraisal/query');
insert into bus_t_pageconsolecomconfig (URL, COMPONENTID, CONFIG, ID, APPID, REGION)
values ('/pmkpi/appraisal/query', 'pmkpi_appraisalquery', '{}', 'appraisalquery', 'pmkpi', null);

insert into bus_t_pageconsolecomconfig (URL, COMPONENTID, CONFIG, ID, APPID, REGION)
values ('/pmkpi/appraisal/query', 'header', '{}', 'header', 'pmkpi', null);

insert into bus_t_pageconsolecomconfig (URL, COMPONENTID, CONFIG, ID, APPID, REGION)
values ('/pmkpi/appraisal/query', 'busuidatatable', '{key:''/pmkpi/appraisal/report'',name:''јЁР§їјєЛёЅјюІйСЇ'',checkbox:true,title:''јЁР§їјєЛёЅјюІйСЇ'',edit:false,addrow:false}', 'datatable', 'pmkpi', null);

insert into bus_t_pageconsolecomconfig (URL, COMPONENTID, CONFIG, ID, APPID, REGION)
values ('/pmkpi/appraisal/query', 'bustoolbutton', '{}', 'toolbutton', 'pmkpi', null);

insert into bus_t_pageconsolecomconfig (URL, COMPONENTID, CONFIG, ID, APPID, REGION)
values ('/pmkpi/appraisal/query', 'buslefttree', '{}', 'lefttree', 'pmkpi', null);

insert into bus_t_pageconsolecomconfig (URL, COMPONENTID, CONFIG, ID, APPID, REGION)
values ('/pmkpi/appraisal/query', 'busqueryform', '{key:''/pmkpi/appraisal/report'',name:''ІйСЇЗш'',datatable:''datatable'',fastquery:true,drawmode:''div'',label:''їмЛЩІйСЇ'',labelwidth:''120''}', 'queryform', 'pmkpi', null);
