BEGIN

delete from bus_t_pageconsolecomconfig where url = '/pmkpi/evaluatetemp/index';
insert into bus_t_pageconsolecomconfig (URL, COMPONENTID, CONFIG, ID, APPID, REGION)
values ('/pmkpi/evaluatetemp/index','pmkpi_evaluatetemp','{}','evaluatetemp','pmkpi',NULL);
insert into bus_t_pageconsolecomconfig (URL, COMPONENTID, CONFIG, ID, APPID, REGION)
values ('/pmkpi/evaluatetemp/index','bustoolbutton','{}','toolbutton','pmkpi',NULL);
insert into bus_t_pageconsolecomconfig (URL, COMPONENTID, CONFIG, ID, APPID, REGION)
values ('/pmkpi/evaluatetemp/index','header','{}','header','pmkpi',NULL);
insert into bus_t_pageconsolecomconfig (URL, COMPONENTID, CONFIG, ID, APPID, REGION)
values ('/pmkpi/evaluatetemp/index','busuidatatable','{name:''评价类型'',checkbox:true,edit:false,addrow:false}','datatable','pmkpi',NULL);
insert into bus_t_pageconsolecomconfig (URL, COMPONENTID, CONFIG, ID, APPID, REGION)
values ('/pmkpi/evaluatetemp/index','busqueryform','{}','queryform','pmkpi',NULL);

delete from bus_t_pageconsole where url = '/pmkpi/evaluatetemp/index';
insert into bus_t_pageconsole (URL, TEMPLATE, PAGE, JSLIB, CSSLIB, OBJLIB, APPID, CONSOLESERVICE, METHOD, CONFIG, SUPCONSOLE, REGION, ISEXPAND)
values ('/pmkpi/evaluatetemp/index','template8','/pmkpi/common/template/template_defautl.jsp','/pmkpi/common/template/template_default.js',NULL,NULL,'pmkpi','gov.mof.fasp2.pmkpi.evaluateTemp.page.EvaluateTempPage','index','{header:[header],main:[toolbutton,queryform,datatable]}',NULL,NULL,0);
delete from bus_t_pagecomponent where id = 'pmkpi_evaluatetemp';
insert into bus_t_pagecomponent (ID, NAME, TYPE, REMARK, JSLIB, JSOBJECTNAME, APPID, SERVICE)
values ('pmkpi_evaluatetemp','评价类型',NULL,'评价类型','/pmkpi/evaluateTemp/evaluatetemp.js','Ext.lt.pmkpi.evaluatetemp','pmkpi','pmkpi.evaluatetemp.EvaluateTempService');

delete from bus_t_pageconsolecomconfig where url = '/pmkpi/evaluatetemp/add/edition';
insert into bus_t_pageconsolecomconfig (URL, COMPONENTID, CONFIG, ID, APPID, REGION)
values ('/pmkpi/evaluatetemp/add/edition','pmkpi_evaltypeinfo','{}','evaltypeinfo','pmkpi',NULL);
insert into bus_t_pageconsolecomconfig (URL, COMPONENTID, CONFIG, ID, APPID, REGION)
values ('/pmkpi/evaluatetemp/add/edition','buseditform','{}','editform','pmkpi',NULL);
delete from bus_t_pageconsole where url = '/pmkpi/evaluatetemp/add/edition';
insert into bus_t_pageconsole (URL, TEMPLATE, PAGE, JSLIB, CSSLIB, OBJLIB, APPID, CONSOLESERVICE, METHOD, CONFIG, SUPCONSOLE, REGION, ISEXPAND)
values ('/pmkpi/evaluatetemp/add/edition','template8','/pmkpi/common/template/template_defautl.jsp','/pmkpi/common/template/template_default.js',NULL,NULL,'pmkpi','gov.mof.fasp2.pmkpi.evaluateTemp.page.EvaluateTempPage','evaltypeinfo','{main:[editform]}',NULL,NULL,0);

delete from bus_t_pagecomponent where id = 'pmkpi_evaltypeinfo';
insert into bus_t_pagecomponent (ID, NAME, TYPE, REMARK, JSLIB, JSOBJECTNAME, APPID, SERVICE)
values ('pmkpi_evaltypeinfo','评价类型基本信息',NULL,'评价类型基本信息','/pmkpi/evaluateTemp/evaluatetempAdd.js','Ext.lt.pmkpi.evaluatetempAdd','pmkpi','pmkpi.evaluatetemp.EvaluateTempAddService');

delete from bus_t_pageconsolecomconfig where url = '/pmkpi/evaluatetemp/add/randomquality';
insert into bus_t_pageconsolecomconfig (URL, COMPONENTID, CONFIG, ID, APPID, REGION)
values ('/pmkpi/evaluatetemp/add/randomquality','pmkpi_evaltempinfo','{}','evaltempinfo','pmkpi',NULL);
insert into bus_t_pageconsolecomconfig (URL, COMPONENTID, CONFIG, ID, APPID, REGION)
values ('/pmkpi/evaluatetemp/add/randomquality','busuidatatable','{headsort:false,addrow:false,nogroupbox:true,name:''评价模板'',edit:true,title:''评价模板'', groupcols:[''guid'',''superid'',''qualityname'',''levelno''],treedata:true,treemapping:null,initlevel:6,isuphide:false,editgroupdata:true,nextSibling:false,pagetype:''selfindex''}','datatable','pmkpi',NULL);
insert into bus_t_pageconsolecomconfig (URL, COMPONENTID, CONFIG, ID, APPID, REGION)
values ('/pmkpi/evaluatetemp/add/randomquality','bustoolbutton','{}','toolbutton','pmkpi',NULL);

delete from bus_t_pageconsole where url = '/pmkpi/evaluatetemp/add/randomquality';
insert into bus_t_pageconsole (URL, TEMPLATE, PAGE, JSLIB, CSSLIB, OBJLIB, APPID, CONSOLESERVICE, METHOD, CONFIG, SUPCONSOLE, REGION, ISEXPAND)
values ('/pmkpi/evaluatetemp/add/randomquality','template8','/pmkpi/common/template/template_defautl.jsp','/pmkpi/common/template/template_default.js',NULL,NULL,'pmkpi','gov.mof.fasp2.pmkpi.evaluateTemp.page.EvaluateTempPage','evaltempinfo','{main:[toolbutton,datatable]}',NULL,NULL,0);
delete from bus_t_pagecomponent where id = 'pmkpi_evaltempinfo';
insert into bus_t_pagecomponent (ID, NAME, TYPE, REMARK, JSLIB, JSOBJECTNAME, APPID, SERVICE)
values ('pmkpi_evaltempinfo','评价模板',NULL,'评价模板','/pmkpi/evaluateTemp/evaluatetempInfo.js','Ext.lt.pmkpi.evaluatetempinfo','pmkpi','pmkpi.evaluatetemp.EvaluateTempInfoService');

delete from bus_T_dictable where tablecode = 'PERF_T_RANDOMQUALITY_TYPE';
insert into bus_t_dictable (YEAR, PROVINCE, TABLECODE, NAME, REMARK, TABLETYPE, VERSION, DBTABNAME, APPID, EXP, TABLEPART, ISSHOW, DBIMPFLAG, ISSYS, ISUSES, VIEWTABLENAME, DBVERSION, DATASYNC, HASTRIGGER, SYNCCLASSNAME, STATUS)
values (2016,87,'PERF_T_RANDOMQUALITY_TYPE','评价类型表','评价类型表',2,1,'PERF_T_RANDOMQUALITY_TYPE','pmkpi',NULL,0,1,NULL,1,1,NULL,sysdate,1,1,NULL,1);

delete from bus_T_diccolumn where tablecode = 'PERF_T_RANDOMQUALITY_TYPE';
insert into bus_t_diccolumn (DEID, CSID, EXP, ISSYS, DBCOLUMNCODE, ISUSES, YEAR, PROVINCE, COLUMNID, COLUMNCODE, TABLECODE, NAME, DATATYPE, DATALENGTH, SCALE, VERSION, NULLABLE, DEFAULTVALUE, DBVERSION)
values (NULL,'BUSTYPE',NULL,1,'BUSTYPE',1,2016,87,'2BF337F14AC473AD5510D46BC4103000','BUSTYPE','PERF_T_RANDOMQUALITY_TYPE','绩效类型','S',9,NULL,NULL,1,NULL,sysdate);
insert into bus_t_diccolumn (DEID, CSID, EXP, ISSYS, DBCOLUMNCODE, ISUSES, YEAR, PROVINCE, COLUMNID, COLUMNCODE, TABLECODE, NAME, DATATYPE, DATALENGTH, SCALE, VERSION, NULLABLE, DEFAULTVALUE, DBVERSION)
values (NULL,'PUBMENU',NULL,1,'MENUID',1,2016,87,'548988DF41F2B3AF746555D96C8C5F06','MENUID','PERF_T_RANDOMQUALITY_TYPE','菜单id','S',40,NULL,NULL,1,NULL,sysdate);
insert into bus_t_diccolumn (DEID, CSID, EXP, ISSYS, DBCOLUMNCODE, ISUSES, YEAR, PROVINCE, COLUMNID, COLUMNCODE, TABLECODE, NAME, DATATYPE, DATALENGTH, SCALE, VERSION, NULLABLE, DEFAULTVALUE, DBVERSION)
values (NULL,'PMKPIAGENCYALLPAY',NULL,1,'AGENCYGUID',1,2018,87,'395FEECB91BEB98690FD5CC2CEC4F0C6','AGENCYGUID','PERF_T_RANDOMQUALITY_TYPE','单位','S',50,NULL,NULL,1,NULL,sysdate);
insert into bus_t_diccolumn (DEID, CSID, EXP, ISSYS, DBCOLUMNCODE, ISUSES, YEAR, PROVINCE, COLUMNID, COLUMNCODE, TABLECODE, NAME, DATATYPE, DATALENGTH, SCALE, VERSION, NULLABLE, DEFAULTVALUE, DBVERSION)
values (NULL,NULL,NULL,1,'YEAR',1,2016,87,'39352F282DD83D60F15599BC419AD09A','YEAR','PERF_T_RANDOMQUALITY_TYPE','年份','S',10,NULL,NULL,1,NULL,sysdate);
insert into bus_t_diccolumn (DEID, CSID, EXP, ISSYS, DBCOLUMNCODE, ISUSES, YEAR, PROVINCE, COLUMNID, COLUMNCODE, TABLECODE, NAME, DATATYPE, DATALENGTH, SCALE, VERSION, NULLABLE, DEFAULTVALUE, DBVERSION)
values (NULL,NULL,NULL,1,'WFSTATUS',1,2016,87,'0EC06D92B2B1955BB9612F2D22DD928D','WFSTATUS','PERF_T_RANDOMQUALITY_TYPE','流程状态','S',40,NULL,NULL,0,NULL,sysdate);
insert into bus_t_diccolumn (DEID, CSID, EXP, ISSYS, DBCOLUMNCODE, ISUSES, YEAR, PROVINCE, COLUMNID, COLUMNCODE, TABLECODE, NAME, DATATYPE, DATALENGTH, SCALE, VERSION, NULLABLE, DEFAULTVALUE, DBVERSION)
values (NULL,NULL,NULL,1,'WFID',1,2016,87,'133D72998BFA57D9BFAB2B6C1776A927','WFID','PERF_T_RANDOMQUALITY_TYPE','流程id','S',40,NULL,NULL,0,NULL,sysdate);
insert into bus_t_diccolumn (DEID, CSID, EXP, ISSYS, DBCOLUMNCODE, ISUSES, YEAR, PROVINCE, COLUMNID, COLUMNCODE, TABLECODE, NAME, DATATYPE, DATALENGTH, SCALE, VERSION, NULLABLE, DEFAULTVALUE, DBVERSION)
values (NULL,NULL,NULL,1,'VCOL5',1,2016,87,'ECAFF3421B3FA90C6A412C9207BF4CD4','VCOL5','PERF_T_RANDOMQUALITY_TYPE',NULL,'S',40,NULL,NULL,0,NULL,sysdate);
insert into bus_t_diccolumn (DEID, CSID, EXP, ISSYS, DBCOLUMNCODE, ISUSES, YEAR, PROVINCE, COLUMNID, COLUMNCODE, TABLECODE, NAME, DATATYPE, DATALENGTH, SCALE, VERSION, NULLABLE, DEFAULTVALUE, DBVERSION)
values (NULL,NULL,NULL,1,'VCOL4',1,2016,87,'94A9DEFF4BA76C4DFB388374F43897DA','VCOL4','PERF_T_RANDOMQUALITY_TYPE',NULL,'S',40,NULL,NULL,0,NULL,sysdate);
insert into bus_t_diccolumn (DEID, CSID, EXP, ISSYS, DBCOLUMNCODE, ISUSES, YEAR, PROVINCE, COLUMNID, COLUMNCODE, TABLECODE, NAME, DATATYPE, DATALENGTH, SCALE, VERSION, NULLABLE, DEFAULTVALUE, DBVERSION)
values (NULL,NULL,NULL,1,'VCOL3',1,2016,87,'BB918C23D9A268D04D2E25578FBFEA75','VCOL3','PERF_T_RANDOMQUALITY_TYPE',NULL,'S',40,NULL,NULL,0,NULL,sysdate);
insert into bus_t_diccolumn (DEID, CSID, EXP, ISSYS, DBCOLUMNCODE, ISUSES, YEAR, PROVINCE, COLUMNID, COLUMNCODE, TABLECODE, NAME, DATATYPE, DATALENGTH, SCALE, VERSION, NULLABLE, DEFAULTVALUE, DBVERSION)
values (NULL,NULL,NULL,1,'VCOL2',1,2016,87,'374689D26013E1EF375D0BB909E3DBCD','VCOL2','PERF_T_RANDOMQUALITY_TYPE',NULL,'S',40,NULL,NULL,0,NULL,sysdate);
insert into bus_t_diccolumn (DEID, CSID, EXP, ISSYS, DBCOLUMNCODE, ISUSES, YEAR, PROVINCE, COLUMNID, COLUMNCODE, TABLECODE, NAME, DATATYPE, DATALENGTH, SCALE, VERSION, NULLABLE, DEFAULTVALUE, DBVERSION)
values (NULL,NULL,NULL,1,'VCOL1',1,2016,87,'637859011D2B6ACE9B38A9B06ED9BAE5','VCOL1','PERF_T_RANDOMQUALITY_TYPE',NULL,'S',40,NULL,NULL,0,NULL,sysdate);
insert into bus_t_diccolumn (DEID, CSID, EXP, ISSYS, DBCOLUMNCODE, ISUSES, YEAR, PROVINCE, COLUMNID, COLUMNCODE, TABLECODE, NAME, DATATYPE, DATALENGTH, SCALE, VERSION, NULLABLE, DEFAULTVALUE, DBVERSION)
values (NULL,NULL,NULL,1,'UPDATETIME',1,2016,87,'F74F7A2DCD40464C7CC7D126E8E0EB10','UPDATETIME','PERF_T_RANDOMQUALITY_TYPE','更新时间','S',40,NULL,NULL,1,NULL,sysdate);
insert into bus_t_diccolumn (DEID, CSID, EXP, ISSYS, DBCOLUMNCODE, ISUSES, YEAR, PROVINCE, COLUMNID, COLUMNCODE, TABLECODE, NAME, DATATYPE, DATALENGTH, SCALE, VERSION, NULLABLE, DEFAULTVALUE, DBVERSION)
values (NULL,NULL,NULL,1,'STATUS',1,2016,87,'FA513E797C8F1E4EA8B16778924FD8B2','STATUS','PERF_T_RANDOMQUALITY_TYPE','启用状态','N',9,NULL,NULL,0,NULL,sysdate);
insert into bus_t_diccolumn (DEID, CSID, EXP, ISSYS, DBCOLUMNCODE, ISUSES, YEAR, PROVINCE, COLUMNID, COLUMNCODE, TABLECODE, NAME, DATATYPE, DATALENGTH, SCALE, VERSION, NULLABLE, DEFAULTVALUE, DBVERSION)
values (NULL,NULL,NULL,1,'PROVINCE',1,2016,87,'4B86FFC9A228C1C104B93BA9DF85BB8D','PROVINCE','PERF_T_RANDOMQUALITY_TYPE','区划','S',10,NULL,NULL,1,NULL,sysdate);
insert into bus_t_diccolumn (DEID, CSID, EXP, ISSYS, DBCOLUMNCODE, ISUSES, YEAR, PROVINCE, COLUMNID, COLUMNCODE, TABLECODE, NAME, DATATYPE, DATALENGTH, SCALE, VERSION, NULLABLE, DEFAULTVALUE, DBVERSION)
values (NULL,NULL,NULL,1,'NAME',1,2016,87,'AC42BE4337AF5737F972DAAF95E09E31','NAME','PERF_T_RANDOMQUALITY_TYPE','模板名称','S',2000,NULL,NULL,0,NULL,sysdate);
insert into bus_t_diccolumn (DEID, CSID, EXP, ISSYS, DBCOLUMNCODE, ISUSES, YEAR, PROVINCE, COLUMNID, COLUMNCODE, TABLECODE, NAME, DATATYPE, DATALENGTH, SCALE, VERSION, NULLABLE, DEFAULTVALUE, DBVERSION)
values (NULL,NULL,NULL,1,'GUID',1,2016,87,'CE0FB52662B726D017BD76B8E946222E','GUID','PERF_T_RANDOMQUALITY_TYPE','主键','S',40,NULL,NULL,1,NULL,sysdate);
insert into bus_t_diccolumn (DEID, CSID, EXP, ISSYS, DBCOLUMNCODE, ISUSES, YEAR, PROVINCE, COLUMNID, COLUMNCODE, TABLECODE, NAME, DATATYPE, DATALENGTH, SCALE, VERSION, NULLABLE, DEFAULTVALUE, DBVERSION)
values (NULL,NULL,NULL,1,'DELSTATUS',1,2016,87,'D8AF3166E1A5E84EFF79EA064AD9CDAA','DELSTATUS','PERF_T_RANDOMQUALITY_TYPE','删除状态','N',9,NULL,NULL,0,NULL,sysdate);
insert into bus_t_diccolumn (DEID, CSID, EXP, ISSYS, DBCOLUMNCODE, ISUSES, YEAR, PROVINCE, COLUMNID, COLUMNCODE, TABLECODE, NAME, DATATYPE, DATALENGTH, SCALE, VERSION, NULLABLE, DEFAULTVALUE, DBVERSION)
values (NULL,NULL,NULL,1,'CREATETIME',1,2016,87,'CD9885784F9200A2924D921858473FDA','CREATETIME','PERF_T_RANDOMQUALITY_TYPE','创建时间','S',40,NULL,NULL,1,NULL,sysdate);
insert into bus_t_diccolumn (DEID, CSID, EXP, ISSYS, DBCOLUMNCODE, ISUSES, YEAR, PROVINCE, COLUMNID, COLUMNCODE, TABLECODE, NAME, DATATYPE, DATALENGTH, SCALE, VERSION, NULLABLE, DEFAULTVALUE, DBVERSION)
values (NULL,NULL,NULL,1,'CREATER',1,2016,87,'BEB1728DD2AD0A275E382D5552A99867','CREATER','PERF_T_RANDOMQUALITY_TYPE','创建人','S',40,NULL,NULL,1,NULL,sysdate);
insert into bus_t_diccolumn (DEID, CSID, EXP, ISSYS, DBCOLUMNCODE, ISUSES, YEAR, PROVINCE, COLUMNID, COLUMNCODE, TABLECODE, NAME, DATATYPE, DATALENGTH, SCALE, VERSION, NULLABLE, DEFAULTVALUE, DBVERSION)
values (NULL,NULL,NULL,1,'CODE',1,2016,87,'A0BA64F6B143D6C937E0F6D295FFC468','CODE','PERF_T_RANDOMQUALITY_TYPE','模板code','S',40,NULL,NULL,0,NULL,sysdate);



delete from bus_T_dictable where tablecode = 'PERF_T_RANDOMQUALITY';
insert into bus_t_dictable (YEAR, PROVINCE, TABLECODE, NAME, REMARK, TABLETYPE, VERSION, DBTABNAME, APPID, EXP, TABLEPART, ISSHOW, DBIMPFLAG, ISSYS, ISUSES, VIEWTABLENAME, DBVERSION, DATASYNC, HASTRIGGER, SYNCCLASSNAME, STATUS)
values (2016,87,'PERF_T_RANDOMQUALITY','自评质量表','自评质量表',2,1,'PERF_T_RANDOMQUALITY','pmkpi',NULL,0,1,NULL,1,1,NULL,NULL,1,1,NULL,1);

delete from bus_T_diccolumn where tablecode = 'PERF_T_RANDOMQUALITY';
insert into bus_t_diccolumn (DEID, CSID, EXP, ISSYS, DBCOLUMNCODE, ISUSES, YEAR, PROVINCE, COLUMNID, COLUMNCODE, TABLECODE, NAME, DATATYPE, DATALENGTH, SCALE, VERSION, NULLABLE, DEFAULTVALUE, DBVERSION)
values (NULL,NULL,NULL,1,'DELUID',1,NULL,NULL,'6E33125EE2590B2BE053D100A8C03BE3','DELUID','PERF_T_RANDOMQUALITY',NULL,'S',40,NULL,NULL,1,NULL,sysdate);
insert into bus_t_diccolumn (DEID, CSID, EXP, ISSYS, DBCOLUMNCODE, ISUSES, YEAR, PROVINCE, COLUMNID, COLUMNCODE, TABLECODE, NAME, DATATYPE, DATALENGTH, SCALE, VERSION, NULLABLE, DEFAULTVALUE, DBVERSION)
values (NULL,NULL,NULL,1,'DELUNAME',1,NULL,NULL,'6E33125EE2790B3BE053D100A8C03BE3','DELUNAME','PERF_T_RANDOMQUALITY',NULL,'S',40,NULL,NULL,1,NULL,sysdate);
insert into bus_t_diccolumn (DEID, CSID, EXP, ISSYS, DBCOLUMNCODE, ISUSES, YEAR, PROVINCE, COLUMNID, COLUMNCODE, TABLECODE, NAME, DATATYPE, DATALENGTH, SCALE, VERSION, NULLABLE, DEFAULTVALUE, DBVERSION)
values (NULL,NULL,NULL,1,'GUID',1,NULL,NULL,'6E33125EE2190BBBE053D100A8C03BE3','GUID','PERF_T_RANDOMQUALITY','主键','S',40,NULL,NULL,1,NULL,sysdate);
insert into bus_t_diccolumn (DEID, CSID, EXP, ISSYS, DBCOLUMNCODE, ISUSES, YEAR, PROVINCE, COLUMNID, COLUMNCODE, TABLECODE, NAME, DATATYPE, DATALENGTH, SCALE, VERSION, NULLABLE, DEFAULTVALUE, DBVERSION)
values (NULL,NULL,NULL,1,'BUSTYPE',1,NULL,NULL,'6E33125EE27903BBE053D120A8C03BE3','BUSTYPE','PERF_T_RANDOMQUALITY','绩效类型','S',40,NULL,NULL,1,NULL,sysdate);
insert into bus_t_diccolumn (DEID, CSID, EXP, ISSYS, DBCOLUMNCODE, ISUSES, YEAR, PROVINCE, COLUMNID, COLUMNCODE, TABLECODE, NAME, DATATYPE, DATALENGTH, SCALE, VERSION, NULLABLE, DEFAULTVALUE, DBVERSION)
values (NULL,NULL,NULL,1,'CREATETIME',1,NULL,NULL,'6E33125EE26907BBE053D100A8C03BE3','CREATETIME','PERF_T_RANDOMQUALITY',NULL,'S',40,NULL,NULL,1,NULL,sysdate);
insert into bus_t_diccolumn (DEID, CSID, EXP, ISSYS, DBCOLUMNCODE, ISUSES, YEAR, PROVINCE, COLUMNID, COLUMNCODE, TABLECODE, NAME, DATATYPE, DATALENGTH, SCALE, VERSION, NULLABLE, DEFAULTVALUE, DBVERSION)
values (NULL,NULL,NULL,1,'CREATEUID',1,NULL,NULL,'6E33125EE25905BBE053D100A8C03BE3','CREATEUID','PERF_T_RANDOMQUALITY',NULL,'S',40,NULL,NULL,1,NULL,sysdate);
insert into bus_t_diccolumn (DEID, CSID, EXP, ISSYS, DBCOLUMNCODE, ISUSES, YEAR, PROVINCE, COLUMNID, COLUMNCODE, TABLECODE, NAME, DATATYPE, DATALENGTH, SCALE, VERSION, NULLABLE, DEFAULTVALUE, DBVERSION)
values (NULL,NULL,NULL,1,'CREATEUNAME',1,NULL,NULL,'6E33125EE27906BBE053D100A8C03BE3','CREATEUNAME','PERF_T_RANDOMQUALITY',NULL,'S',40,NULL,NULL,1,NULL,sysdate);
insert into bus_t_diccolumn (DEID, CSID, EXP, ISSYS, DBCOLUMNCODE, ISUSES, YEAR, PROVINCE, COLUMNID, COLUMNCODE, TABLECODE, NAME, DATATYPE, DATALENGTH, SCALE, VERSION, NULLABLE, DEFAULTVALUE, DBVERSION)
values (NULL,NULL,NULL,1,'DELSTATUS',1,NULL,NULL,'6E33125EE2690B1BE053D100A8C03BE3','DELSTATUS','PERF_T_RANDOMQUALITY',NULL,'S',40,NULL,NULL,1,NULL,sysdate);
insert into bus_t_diccolumn (DEID, CSID, EXP, ISSYS, DBCOLUMNCODE, ISUSES, YEAR, PROVINCE, COLUMNID, COLUMNCODE, TABLECODE, NAME, DATATYPE, DATALENGTH, SCALE, VERSION, NULLABLE, DEFAULTVALUE, DBVERSION)
values (NULL,NULL,NULL,1,'DELTIME',1,NULL,NULL,'6E33125EE2690B4BE053D100A8C03BE3','DELTIME','PERF_T_RANDOMQUALITY',NULL,'S',40,NULL,NULL,1,NULL,sysdate);
insert into bus_t_diccolumn (DEID, CSID, EXP, ISSYS, DBCOLUMNCODE, ISUSES, YEAR, PROVINCE, COLUMNID, COLUMNCODE, TABLECODE, NAME, DATATYPE, DATALENGTH, SCALE, VERSION, NULLABLE, DEFAULTVALUE, DBVERSION)
values (NULL,'PMKPIDEPARTMENT',NULL,1,'FININTORGGUID',1,2021,87,'969941B3E17EB11CDD79102C299785E4','FININTORGGUID','PERF_T_RANDOMQUALITY','业务处室','S',40,NULL,1,1,NULL,sysdate);
insert into bus_t_diccolumn (DEID, CSID, EXP, ISSYS, DBCOLUMNCODE, ISUSES, YEAR, PROVINCE, COLUMNID, COLUMNCODE, TABLECODE, NAME, DATATYPE, DATALENGTH, SCALE, VERSION, NULLABLE, DEFAULTVALUE, DBVERSION)
values (NULL,'ISLINKED',NULL,1,'ISCOM',1,2016,87,'8359bf2e433dfb7dc967b36657fed735','ISCOM','PERF_T_RANDOMQUALITY','是否为综合处室','tree',1,NULL,1,0,NULL,sysdate);
insert into bus_t_diccolumn (DEID, CSID, EXP, ISSYS, DBCOLUMNCODE, ISUSES, YEAR, PROVINCE, COLUMNID, COLUMNCODE, TABLECODE, NAME, DATATYPE, DATALENGTH, SCALE, VERSION, NULLABLE, DEFAULTVALUE, DBVERSION)
values (NULL,'ISTRUE',NULL,1,'ISLEAF',1,NULL,NULL,'6E33125EE26904BBE053D100A8C03BE3','ISLEAF','PERF_T_RANDOMQUALITY','是否子节点','TREE',1,NULL,NULL,0,NULL,sysdate);
insert into bus_t_diccolumn (DEID, CSID, EXP, ISSYS, DBCOLUMNCODE, ISUSES, YEAR, PROVINCE, COLUMNID, COLUMNCODE, TABLECODE, NAME, DATATYPE, DATALENGTH, SCALE, VERSION, NULLABLE, DEFAULTVALUE, DBVERSION)
values (NULL,NULL,NULL,1,'LEVELNO',1,NULL,NULL,'6E33125EE27903BBE053D100A8C03BE3','LEVELNO','PERF_T_RANDOMQUALITY','级次','S',40,NULL,NULL,1,NULL,sysdate);
insert into bus_t_diccolumn (DEID, CSID, EXP, ISSYS, DBCOLUMNCODE, ISUSES, YEAR, PROVINCE, COLUMNID, COLUMNCODE, TABLECODE, NAME, DATATYPE, DATALENGTH, SCALE, VERSION, NULLABLE, DEFAULTVALUE, DBVERSION)
values (NULL,NULL,NULL,1,'MAINGUID',1,NULL,NULL,'6E33125EE2190BBBE053D333A8C03BE3','MAINGUID','PERF_T_RANDOMQUALITY',NULL,'S',40,NULL,NULL,1,NULL,sysdate);
insert into bus_t_diccolumn (DEID, CSID, EXP, ISSYS, DBCOLUMNCODE, ISUSES, YEAR, PROVINCE, COLUMNID, COLUMNCODE, TABLECODE, NAME, DATATYPE, DATALENGTH, SCALE, VERSION, NULLABLE, DEFAULTVALUE, DBVERSION)
values (NULL,NULL,NULL,1,'ORDERNUM',1,NULL,NULL,'07220C411CC24A3EA5714A8310FEAAE8','ORDERNUM','PERF_T_RANDOMQUALITY','排序','S',9,NULL,1,1,NULL,sysdate);
insert into bus_t_diccolumn (DEID, CSID, EXP, ISSYS, DBCOLUMNCODE, ISUSES, YEAR, PROVINCE, COLUMNID, COLUMNCODE, TABLECODE, NAME, DATATYPE, DATALENGTH, SCALE, VERSION, NULLABLE, DEFAULTVALUE, DBVERSION)
values (NULL,NULL,NULL,1,'PROVINCE',1,NULL,NULL,'6E33524EE2240B7BE053D1BBA9C03BE3','PROVINCE','PERF_T_RANDOMQUALITY','区划','S',10,NULL,NULL,1,NULL,sysdate);
insert into bus_t_diccolumn (DEID, CSID, EXP, ISSYS, DBCOLUMNCODE, ISUSES, YEAR, PROVINCE, COLUMNID, COLUMNCODE, TABLECODE, NAME, DATATYPE, DATALENGTH, SCALE, VERSION, NULLABLE, DEFAULTVALUE, DBVERSION)
values (NULL,NULL,NULL,1,'QUALITYNAME',1,NULL,NULL,'6E33125EE2590BBBE053D100A8C03BE3','QUALITYNAME','PERF_T_RANDOMQUALITY','评价内容','S',40,NULL,NULL,1,NULL,sysdate);
insert into bus_t_diccolumn (DEID, CSID, EXP, ISSYS, DBCOLUMNCODE, ISUSES, YEAR, PROVINCE, COLUMNID, COLUMNCODE, TABLECODE, NAME, DATATYPE, DATALENGTH, SCALE, VERSION, NULLABLE, DEFAULTVALUE, DBVERSION)
values (NULL,NULL,NULL,1,'QUALITYNAMEEXP',1,NULL,NULL,'6E33125EE2790BBBE063D100A8C03BE3','QUALITYNAMEEXP','PERF_T_RANDOMQUALITY',NULL,'S',2000,NULL,NULL,1,NULL,sysdate);
insert into bus_t_diccolumn (DEID, CSID, EXP, ISSYS, DBCOLUMNCODE, ISUSES, YEAR, PROVINCE, COLUMNID, COLUMNCODE, TABLECODE, NAME, DATATYPE, DATALENGTH, SCALE, VERSION, NULLABLE, DEFAULTVALUE, DBVERSION)
values (NULL,NULL,NULL,1,'QUALITYSTAND',1,NULL,NULL,'6E33125EE2790BBBE053D100A8C03BE3','QUALITYSTAND','PERF_T_RANDOMQUALITY','评分标准','S',40,NULL,NULL,1,NULL,sysdate);
insert into bus_t_diccolumn (DEID, CSID, EXP, ISSYS, DBCOLUMNCODE, ISUSES, YEAR, PROVINCE, COLUMNID, COLUMNCODE, TABLECODE, NAME, DATATYPE, DATALENGTH, SCALE, VERSION, NULLABLE, DEFAULTVALUE, DBVERSION)
values (NULL,NULL,NULL,1,'QUALITYWEIGHT',1,NULL,NULL,'6E33125EE2690BBBE053D100A8C03BE3','QUALITYWEIGHT','PERF_T_RANDOMQUALITY','权重','S',40,NULL,NULL,1,NULL,sysdate);
insert into bus_t_diccolumn (DEID, CSID, EXP, ISSYS, DBCOLUMNCODE, ISUSES, YEAR, PROVINCE, COLUMNID, COLUMNCODE, TABLECODE, NAME, DATATYPE, DATALENGTH, SCALE, VERSION, NULLABLE, DEFAULTVALUE, DBVERSION)
values (NULL,NULL,NULL,1,'SUPERID',1,NULL,NULL,'6E33125EE2490BBBE053D100A8C03BE3','SUPERID','PERF_T_RANDOMQUALITY','父级ID','S',40,NULL,NULL,1,NULL,sysdate);
insert into bus_t_diccolumn (DEID, CSID, EXP, ISSYS, DBCOLUMNCODE, ISUSES, YEAR, PROVINCE, COLUMNID, COLUMNCODE, TABLECODE, NAME, DATATYPE, DATALENGTH, SCALE, VERSION, NULLABLE, DEFAULTVALUE, DBVERSION)
values (NULL,NULL,NULL,1,'UPDATETIME',1,NULL,NULL,'6E33125EE26900BBE053D100A8C03BE3','UPDATETIME','PERF_T_RANDOMQUALITY',NULL,'S',40,NULL,NULL,1,NULL,sysdate);
insert into bus_t_diccolumn (DEID, CSID, EXP, ISSYS, DBCOLUMNCODE, ISUSES, YEAR, PROVINCE, COLUMNID, COLUMNCODE, TABLECODE, NAME, DATATYPE, DATALENGTH, SCALE, VERSION, NULLABLE, DEFAULTVALUE, DBVERSION)
values (NULL,NULL,NULL,1,'UPDATEUID',1,NULL,NULL,'6E33125EE25908BBE053D100A8C03BE3','UPDATEUID','PERF_T_RANDOMQUALITY',NULL,'S',40,NULL,NULL,1,NULL,sysdate);
insert into bus_t_diccolumn (DEID, CSID, EXP, ISSYS, DBCOLUMNCODE, ISUSES, YEAR, PROVINCE, COLUMNID, COLUMNCODE, TABLECODE, NAME, DATATYPE, DATALENGTH, SCALE, VERSION, NULLABLE, DEFAULTVALUE, DBVERSION)
values (NULL,NULL,NULL,1,'UPDATEUNAME',1,NULL,NULL,'6E33125EE27909BBE053D100A8C03BE3','UPDATEUNAME','PERF_T_RANDOMQUALITY',NULL,'S',40,NULL,NULL,1,NULL,sysdate);
insert into bus_t_diccolumn (DEID, CSID, EXP, ISSYS, DBCOLUMNCODE, ISUSES, YEAR, PROVINCE, COLUMNID, COLUMNCODE, TABLECODE, NAME, DATATYPE, DATALENGTH, SCALE, VERSION, NULLABLE, DEFAULTVALUE, DBVERSION)
values (NULL,NULL,NULL,1,'VCOL1',1,NULL,NULL,'7F16E90DCFEF4429E8530603A8C04F7A','VCOL1','PERF_T_RANDOMQUALITY',NULL,'S',200,NULL,NULL,1,NULL,sysdate);
insert into bus_t_diccolumn (DEID, CSID, EXP, ISSYS, DBCOLUMNCODE, ISUSES, YEAR, PROVINCE, COLUMNID, COLUMNCODE, TABLECODE, NAME, DATATYPE, DATALENGTH, SCALE, VERSION, NULLABLE, DEFAULTVALUE, DBVERSION)
values (NULL,NULL,NULL,1,'VCOL2',1,NULL,NULL,'7F16E90DCFEF4429E0330603A8C04F7A','VCOL2','PERF_T_RANDOMQUALITY',NULL,'S',200,NULL,NULL,1,NULL,sysdate);
insert into bus_t_diccolumn (DEID, CSID, EXP, ISSYS, DBCOLUMNCODE, ISUSES, YEAR, PROVINCE, COLUMNID, COLUMNCODE, TABLECODE, NAME, DATATYPE, DATALENGTH, SCALE, VERSION, NULLABLE, DEFAULTVALUE, DBVERSION)
values (NULL,NULL,NULL,1,'VCOL3',1,NULL,NULL,'7F16E90DCFEF4429E0430603A8C04F7A','VCOL3','PERF_T_RANDOMQUALITY',NULL,'S',200,NULL,NULL,1,NULL,sysdate);
insert into bus_t_diccolumn (DEID, CSID, EXP, ISSYS, DBCOLUMNCODE, ISUSES, YEAR, PROVINCE, COLUMNID, COLUMNCODE, TABLECODE, NAME, DATATYPE, DATALENGTH, SCALE, VERSION, NULLABLE, DEFAULTVALUE, DBVERSION)
values (NULL,NULL,NULL,1,'VCOL4',1,NULL,NULL,'7F16E90DCFEF4429E0630603A8C04F7A','VCOL4','PERF_T_RANDOMQUALITY',NULL,'S',200,NULL,NULL,1,NULL,sysdate);
insert into bus_t_diccolumn (DEID, CSID, EXP, ISSYS, DBCOLUMNCODE, ISUSES, YEAR, PROVINCE, COLUMNID, COLUMNCODE, TABLECODE, NAME, DATATYPE, DATALENGTH, SCALE, VERSION, NULLABLE, DEFAULTVALUE, DBVERSION)
values (NULL,NULL,NULL,1,'VCOL5',1,NULL,NULL,'7F16E90DCFEF4429E0730603A8C04F7A','VCOL5','PERF_T_RANDOMQUALITY',NULL,'S',200,NULL,NULL,1,NULL,sysdate);
insert into bus_t_diccolumn (DEID, CSID, EXP, ISSYS, DBCOLUMNCODE, ISUSES, YEAR, PROVINCE, COLUMNID, COLUMNCODE, TABLECODE, NAME, DATATYPE, DATALENGTH, SCALE, VERSION, NULLABLE, DEFAULTVALUE, DBVERSION)
values (NULL,NULL,NULL,1,'YEAR',1,NULL,NULL,'6E33624EE2340B7BE053D1BBA8C03BE3','YEAR','PERF_T_RANDOMQUALITY','年份','S',10,NULL,NULL,1,NULL,sysdate);
