begin
  
--갭절욋
DELETE FROM Bus_t_Pageconsole t where t.url='/pmkpi/setting/model/list';
insert into Bus_t_Pageconsole (URL, TEMPLATE, PAGE, JSLIB, CSSLIB, OBJLIB, APPID, CONSOLESERVICE, METHOD, CONFIG, SUPCONSOLE, REGION, ISEXPAND)
values ('/pmkpi/setting/model/list', 'template8', '/pmkpi/common/template/template_defautl.jsp', '/pmkpi/common/template/template_default.js', null, null, 'pmkpi', 'gov.mof.fasp2.pmkpi.setting.modelcase.ModelCasePage', 'list', '{header:[header],left:lefttree,main:[toolbutton,queryform,datatable]}', null, null, 0);


DELETE FROM Bus_t_Pageconsolecomconfig t where t.url='/pmkpi/setting/model/list';
insert into Bus_t_Pageconsolecomconfig (URL, COMPONENTID, CONFIG, ID, APPID, REGION)
values ('/pmkpi/setting/model/list', 'pmkpi_model', '{}', 'model', 'pmkpi', null);

insert into Bus_t_Pageconsolecomconfig (URL, COMPONENTID, CONFIG, ID, APPID, REGION)
values ('/pmkpi/setting/model/list', 'busuidatatable', '{name:''갭절욋'',checkbox:true,title:''갭절욋'',edit:false,addrow:true,uikey:''/pmkpi/setting/modelinfo/edit'',deltables:[v_perf_t_casemodelgoal,v_perf_t_casemodelindex]}', 'datatable', 'pmkpi', null);

insert into Bus_t_Pageconsolecomconfig (URL, COMPONENTID, CONFIG, ID, APPID, REGION)
values ('/pmkpi/setting/model/list', 'header', '{}', 'header', 'pmkpi', null);

insert into Bus_t_Pageconsolecomconfig (URL, COMPONENTID, CONFIG, ID, APPID, REGION)
values ('/pmkpi/setting/model/list', 'bustoolbutton', '{}', 'toolbutton', 'pmkpi', null);

insert into Bus_t_Pageconsolecomconfig (URL, COMPONENTID, CONFIG, ID, APPID, REGION)
values ('/pmkpi/setting/model/list', 'busqueryform', '{name:''꿴璂혐'',datatable:''datatable'',fastquery:true,drawmode:''div'',label:''우醵꿴璂'',labelwidth:''120''}', 'queryform', 'pmkpi', null);

insert into Bus_t_Pageconsolecomconfig (URL, COMPONENTID, CONFIG, ID, APPID, REGION)
values ('/pmkpi/setting/model/list', 'bustoolbutton', '{}', 'toolbutton', 'pmkpi', null);

insert into Bus_t_Pageconsolecomconfig (URL, COMPONENTID, CONFIG, ID, APPID, REGION)
values ('/pmkpi/setting/model/list', 'buslefttree', '{}', 'lefttree', 'pmkpi', null);


DELETE FROM Bus_t_Pagecomponent t where t.id='pmkpi_model';
insert into Bus_t_Pagecomponent (ID, NAME, TYPE, REMARK, JSLIB, JSOBJECTNAME, APPID, SERVICE)
values ('pmkpi_model', '寧깃친겼', null, '寧깃친겼', '/pmkpi/setting/modelcase/modelcaseservice.js', 'Ext.lt.pmkpi.modelcase', 'pmkpi', 'pmkpi.setting.modelcase.ModelCaseService');



--갭절욋긍서
DELETE FROM Bus_t_Pageconsole t where t.url='/pmkpi/setting/modelinfo/edit';
insert into Bus_t_Pageconsole (URL, TEMPLATE, PAGE, JSLIB, CSSLIB, OBJLIB, APPID, CONSOLESERVICE, METHOD, CONFIG, SUPCONSOLE, REGION, ISEXPAND)
values ('/pmkpi/setting/modelinfo/edit', 'template8', '/pmkpi/common/template/template_defautl.jsp', '/pmkpi/common/template/template_default.js', null, null, 'pmkpi', 'gov.mof.fasp2.pmkpi.perfprogram.report.TlpProgramPage', 'editindex', '{main:[tabpage,editform,goaleditform,indexdatatable],footer:[toolbutton]}', null, null, 0);


DELETE FROM Bus_t_Pageconsolecomconfig t where t.url='/pmkpi/setting/modelinfo/edit';
insert into Bus_t_Pageconsolecomconfig (URL, COMPONENTID, CONFIG, ID, APPID, REGION)
values ('/pmkpi/setting/modelinfo/edit', 'pmkpi_modelindex', '{}', 'modelindex', 'pmkpi', null);

insert into Bus_t_Pageconsolecomconfig (URL, COMPONENTID, CONFIG, ID, APPID, REGION)
values ('/pmkpi/setting/modelinfo/edit', 'bustabpage', '{}', 'tabpage', 'pmkpi', null);

insert into Bus_t_Pageconsolecomconfig (URL, COMPONENTID, CONFIG, ID, APPID, REGION)
values ('/pmkpi/setting/modelinfo/edit', 'bustoolbutton', '{}', 'toolbutton', 'pmkpi', null);

insert into Bus_t_Pageconsolecomconfig (URL, COMPONENTID, CONFIG, ID, APPID, REGION)
values ('/pmkpi/setting/modelinfo/edit', 'buseditform', '{key:''/pmkpi/setting/modelinfo/goal'',tablecode:''V_PERF_T_CASEMODELGOAL'',iswf:''false''}', 'goaleditform', 'pmkpi', null);

insert into Bus_t_Pageconsolecomconfig (URL, COMPONENTID, CONFIG, ID, APPID, REGION)
values ('/pmkpi/setting/modelinfo/edit', 'buseditform', '{title:''샘뇟斤口'',tablecode:''V_PERF_T_MODEL'',iswf:''true''}', 'editform', 'pmkpi', null);

insert into Bus_t_Pageconsolecomconfig (URL, COMPONENTID, CONFIG, ID, APPID, REGION)
values ('/pmkpi/setting/modelinfo/edit', 'busuidatatable', '{key:''/pmkpi/setting/modelinfo/index'',headsort:false,addrow:true,name:''섀槻寧깃'',edit:true,checkbox:true,title:''섀槻寧깃''}', 'indexdatatable', 'pmkpi', null);


DELETE FROM Bus_t_Pagecomponent t where t.id='pmkpi_modelindex';
insert into Bus_t_Pagecomponent (ID, NAME, TYPE, REMARK, JSLIB, JSOBJECTNAME, APPID, SERVICE)
values ('pmkpi_modelindex', '갭절/친겼寧깃츠玖', null, '갭절/친겼寧깃츠玖', '/pmkpi/setting/modelcase/modelcaseindex.js', 'Ext.lt.pmkpi.modelcaseindex', 'pmkpi', 'pmkpi.setting.modelcase.ModelCaseIndexService');



